CREATE DATABASE  IF NOT EXISTS `fsp` /*!40100 DEFAULT CHARACTER SET latin1 */;
USE `fsp`;
-- MySQL dump 10.13  Distrib 5.6.13, for Win32 (x86)
--
-- Host: 127.0.0.1    Database: fsp
-- ------------------------------------------------------
-- Server version	5.5.27

/*!40101 SET @OLD_CHARACTER_SET_CLIENT=@@CHARACTER_SET_CLIENT */;
/*!40101 SET @OLD_CHARACTER_SET_RESULTS=@@CHARACTER_SET_RESULTS */;
/*!40101 SET @OLD_COLLATION_CONNECTION=@@COLLATION_CONNECTION */;
/*!40101 SET NAMES utf8 */;
/*!40103 SET @OLD_TIME_ZONE=@@TIME_ZONE */;
/*!40103 SET TIME_ZONE='+00:00' */;
/*!40014 SET @OLD_UNIQUE_CHECKS=@@UNIQUE_CHECKS, UNIQUE_CHECKS=0 */;
/*!40014 SET @OLD_FOREIGN_KEY_CHECKS=@@FOREIGN_KEY_CHECKS, FOREIGN_KEY_CHECKS=0 */;
/*!40101 SET @OLD_SQL_MODE=@@SQL_MODE, SQL_MODE='NO_AUTO_VALUE_ON_ZERO' */;
/*!40111 SET @OLD_SQL_NOTES=@@SQL_NOTES, SQL_NOTES=0 */;

--
-- Table structure for table `cicontextconditions`
--

DROP TABLE IF EXISTS `cicontextconditions`;
/*!40101 SET @saved_cs_client     = @@character_set_client */;
/*!40101 SET character_set_client = utf8 */;
CREATE TABLE `cicontextconditions` (
  `id` int(11) NOT NULL AUTO_INCREMENT,
  `questionid` int(11) NOT NULL,
  `conditionoptionid` int(11) NOT NULL,
  `html` varchar(512) DEFAULT NULL,
  PRIMARY KEY (`id`),
  KEY `questionid_idx` (`questionid`),
  KEY `ccco_idx` (`conditionoptionid`),
  CONSTRAINT `ccco` FOREIGN KEY (`conditionoptionid`) REFERENCES `conditionoptions` (`id`) ON DELETE NO ACTION ON UPDATE NO ACTION,
  CONSTRAINT `qcc` FOREIGN KEY (`questionid`) REFERENCES `ciquestions` (`id`) ON DELETE CASCADE ON UPDATE NO ACTION
) ENGINE=InnoDB AUTO_INCREMENT=337 DEFAULT CHARSET=latin1;
/*!40101 SET character_set_client = @saved_cs_client */;

--
-- Dumping data for table `cicontextconditions`
--

LOCK TABLES `cicontextconditions` WRITE;
/*!40000 ALTER TABLE `cicontextconditions` DISABLE KEYS */;
INSERT INTO `cicontextconditions` VALUES (1,64,1,NULL),(2,65,1,NULL),(3,66,1,NULL),(4,67,1,NULL),(5,68,1,NULL),(6,69,1,NULL),(7,70,1,NULL),(8,71,1,NULL),(9,72,1,NULL),(10,73,1,NULL),(11,74,1,NULL),(12,75,1,NULL),(13,76,1,NULL),(14,77,1,NULL),(15,78,1,NULL),(16,79,1,NULL),(17,80,1,NULL),(18,81,1,NULL),(19,82,1,NULL),(20,83,1,NULL),(21,84,1,NULL),(22,85,2,NULL),(23,86,2,NULL),(24,87,2,NULL),(25,88,2,NULL),(26,89,2,NULL),(27,90,2,NULL),(28,91,2,NULL),(29,92,2,NULL),(30,93,2,NULL),(31,94,2,NULL),(32,95,2,NULL),(33,96,2,NULL),(34,97,2,NULL),(35,98,2,NULL),(36,99,2,NULL),(37,100,2,NULL),(38,101,2,NULL),(39,102,2,NULL),(40,103,2,NULL),(41,104,2,NULL),(42,105,2,NULL),(43,106,1,NULL),(44,107,1,NULL),(45,108,1,NULL),(46,109,1,NULL),(47,110,1,NULL),(48,111,1,NULL),(49,112,1,NULL),(50,113,1,NULL),(51,114,1,NULL),(52,115,1,NULL),(53,116,1,NULL),(54,117,1,NULL),(55,118,1,NULL),(56,119,1,NULL),(57,120,1,NULL),(58,121,1,NULL),(59,122,1,NULL),(60,123,1,NULL),(61,124,1,NULL),(62,125,1,NULL),(63,126,1,NULL),(64,127,3,NULL),(65,127,2,NULL),(66,128,3,NULL),(67,128,2,NULL),(68,129,3,NULL),(69,129,2,NULL),(70,130,3,NULL),(71,130,2,NULL),(72,131,3,NULL),(73,131,2,NULL),(74,132,3,NULL),(75,132,2,NULL),(76,133,3,NULL),(77,133,2,NULL),(78,134,3,NULL),(79,134,2,NULL),(80,135,3,NULL),(81,135,2,NULL),(82,136,3,NULL),(83,136,2,NULL),(84,137,3,NULL),(85,137,2,NULL),(86,138,3,NULL),(87,138,2,NULL),(88,139,3,NULL),(89,139,2,NULL),(90,140,3,NULL),(91,140,2,NULL),(92,141,3,NULL),(93,141,2,NULL),(94,142,3,NULL),(95,142,2,NULL),(96,143,3,NULL),(97,143,2,NULL),(98,144,3,NULL),(99,144,2,NULL),(100,145,3,NULL),(101,145,2,NULL),(102,146,3,NULL),(103,146,2,NULL),(104,147,3,NULL),(105,147,2,NULL),(106,148,4,NULL),(107,148,2,NULL),(108,149,4,NULL),(109,149,2,NULL),(110,150,4,NULL),(111,150,2,NULL),(112,151,4,NULL),(113,151,2,NULL),(114,152,4,NULL),(115,152,2,NULL),(116,153,4,NULL),(117,153,2,NULL),(118,154,4,NULL),(119,154,2,NULL),(120,155,4,NULL),(121,155,2,NULL),(122,156,4,NULL),(123,156,2,NULL),(124,157,4,NULL),(125,157,2,NULL),(126,158,4,NULL),(127,158,2,NULL),(128,159,4,NULL),(129,159,2,NULL),(130,160,4,NULL),(131,160,2,NULL),(132,161,4,NULL),(133,161,2,NULL),(134,162,4,NULL),(135,162,2,NULL),(136,163,4,NULL),(137,163,2,NULL),(138,164,4,NULL),(139,164,2,NULL),(140,165,4,NULL),(141,165,2,NULL),(142,166,4,NULL),(143,166,2,NULL),(144,167,4,NULL),(145,167,2,NULL),(146,168,4,NULL),(147,168,2,NULL),(148,169,1,NULL),(149,170,1,NULL),(150,171,1,NULL),(151,172,1,NULL),(152,173,1,NULL),(153,174,1,NULL),(154,175,1,NULL),(155,176,1,NULL),(156,177,1,NULL),(157,178,1,NULL),(158,179,1,NULL),(159,180,1,NULL),(160,181,1,NULL),(161,182,1,NULL),(162,183,1,NULL),(163,184,1,NULL),(164,185,1,NULL),(165,186,1,NULL),(166,187,1,NULL),(167,188,1,NULL),(168,189,1,NULL),(169,190,5,NULL),(170,190,3,NULL),(171,190,2,NULL),(172,191,5,NULL),(173,191,3,NULL),(174,191,2,NULL),(175,192,5,NULL),(176,192,3,NULL),(177,192,2,NULL),(178,193,5,NULL),(179,193,3,NULL),(180,193,2,NULL),(181,194,5,NULL),(182,194,3,NULL),(183,194,2,NULL),(184,195,5,NULL),(185,195,3,NULL),(186,195,2,NULL),(187,196,5,NULL),(188,196,3,NULL),(189,196,2,NULL),(190,197,5,NULL),(191,197,3,NULL),(192,197,2,NULL),(193,198,5,NULL),(194,198,3,NULL),(195,198,2,NULL),(196,199,5,NULL),(197,199,3,NULL),(198,199,2,NULL),(199,200,5,NULL),(200,200,3,NULL),(201,200,2,NULL),(202,201,5,NULL),(203,201,3,NULL),(204,201,2,NULL),(205,202,5,NULL),(206,202,3,NULL),(207,202,2,NULL),(208,203,5,NULL),(209,203,3,NULL),(210,203,2,NULL),(211,204,5,NULL),(212,204,3,NULL),(213,204,2,NULL),(214,205,5,NULL),(215,205,3,NULL),(216,205,2,NULL),(217,206,5,NULL),(218,206,3,NULL),(219,206,2,NULL),(220,207,5,NULL),(221,207,3,NULL),(222,207,2,NULL),(223,208,5,NULL),(224,208,3,NULL),(225,208,2,NULL),(226,209,5,NULL),(227,209,3,NULL),(228,209,2,NULL),(229,210,5,NULL),(230,210,3,NULL),(231,210,2,NULL),(232,211,6,NULL),(233,211,3,NULL),(234,211,2,NULL),(235,212,6,NULL),(236,212,3,NULL),(237,212,2,NULL),(238,213,6,NULL),(239,213,3,NULL),(240,213,2,NULL),(241,214,6,NULL),(242,214,3,NULL),(243,214,2,NULL),(244,215,6,NULL),(245,215,3,NULL),(246,215,2,NULL),(247,216,6,NULL),(248,216,3,NULL),(249,216,2,NULL),(250,217,6,NULL),(251,217,3,NULL),(252,217,2,NULL),(253,218,6,NULL),(254,218,3,NULL),(255,218,2,NULL),(256,219,6,NULL),(257,219,3,NULL),(258,219,2,NULL),(259,220,6,NULL),(260,220,3,NULL),(261,220,2,NULL),(262,221,6,NULL),(263,221,3,NULL),(264,221,2,NULL),(265,222,6,NULL),(266,222,3,NULL),(267,222,2,NULL),(268,223,6,NULL),(269,223,3,NULL),(270,223,2,NULL),(271,224,6,NULL),(272,224,3,NULL),(273,224,2,NULL),(274,225,6,NULL),(275,225,3,NULL),(276,225,2,NULL),(277,226,6,NULL),(278,226,3,NULL),(279,226,2,NULL),(280,227,6,NULL),(281,227,3,NULL),(282,227,2,NULL),(283,228,6,NULL),(284,228,3,NULL),(285,228,2,NULL),(286,229,6,NULL),(287,229,3,NULL),(288,229,2,NULL),(289,230,6,NULL),(290,230,3,NULL),(291,230,2,NULL),(292,231,6,NULL),(293,231,3,NULL),(294,231,2,NULL),(295,232,4,NULL),(296,232,2,NULL),(297,233,4,NULL),(298,233,2,NULL),(299,234,4,NULL),(300,234,2,NULL),(301,235,4,NULL),(302,235,2,NULL),(303,236,4,NULL),(304,236,2,NULL),(305,237,4,NULL),(306,237,2,NULL),(307,238,4,NULL),(308,238,2,NULL),(309,239,4,NULL),(310,239,2,NULL),(311,240,4,NULL),(312,240,2,NULL),(313,241,4,NULL),(314,241,2,NULL),(315,242,4,NULL),(316,242,2,NULL),(317,243,4,NULL),(318,243,2,NULL),(319,244,4,NULL),(320,244,2,NULL),(321,245,4,NULL),(322,245,2,NULL),(323,246,4,NULL),(324,246,2,NULL),(325,247,4,NULL),(326,247,2,NULL),(327,248,4,NULL),(328,248,2,NULL),(329,249,4,NULL),(330,249,2,NULL),(331,250,4,NULL),(332,250,2,NULL),(333,251,4,NULL),(334,251,2,NULL),(335,252,4,NULL),(336,252,2,NULL);
/*!40000 ALTER TABLE `cicontextconditions` ENABLE KEYS */;
UNLOCK TABLES;

--
-- Table structure for table `cicontextfeatures`
--

DROP TABLE IF EXISTS `cicontextfeatures`;
/*!40101 SET @saved_cs_client     = @@character_set_client */;
/*!40101 SET character_set_client = utf8 */;
CREATE TABLE `cicontextfeatures` (
  `id` int(11) NOT NULL AUTO_INCREMENT,
  `questionid` int(11) NOT NULL,
  `featureid` int(11) NOT NULL,
  `html` varchar(512) DEFAULT NULL,
  PRIMARY KEY (`id`),
  KEY `questionid_idx` (`questionid`),
  KEY `cff_idx` (`featureid`),
  CONSTRAINT `cff` FOREIGN KEY (`featureid`) REFERENCES `features` (`id`) ON DELETE NO ACTION ON UPDATE NO ACTION,
  CONSTRAINT `qcf` FOREIGN KEY (`questionid`) REFERENCES `ciquestions` (`id`) ON DELETE CASCADE ON UPDATE NO ACTION
) ENGINE=InnoDB AUTO_INCREMENT=232 DEFAULT CHARSET=latin1;
/*!40101 SET character_set_client = @saved_cs_client */;

--
-- Dumping data for table `cicontextfeatures`
--

LOCK TABLES `cicontextfeatures` WRITE;
/*!40000 ALTER TABLE `cicontextfeatures` DISABLE KEYS */;
INSERT INTO `cicontextfeatures` VALUES (1,22,1,NULL),(2,23,2,NULL),(3,24,3,NULL),(4,25,4,NULL),(5,26,5,NULL),(6,27,6,NULL),(7,28,7,NULL),(8,29,8,NULL),(9,30,9,NULL),(10,31,10,NULL),(11,32,11,NULL),(12,33,12,NULL),(13,34,13,NULL),(14,35,14,NULL),(15,36,15,NULL),(16,37,16,NULL),(17,38,17,NULL),(18,39,18,NULL),(19,40,19,NULL),(20,41,20,NULL),(21,42,21,NULL),(22,43,22,NULL),(23,44,23,NULL),(24,45,24,NULL),(25,46,25,NULL),(26,47,26,NULL),(27,48,27,NULL),(28,49,28,NULL),(29,50,29,NULL),(30,51,30,NULL),(31,52,31,NULL),(32,53,32,NULL),(33,54,33,NULL),(34,55,34,NULL),(35,56,35,NULL),(36,57,36,NULL),(37,58,37,NULL),(38,59,38,NULL),(39,60,39,NULL),(40,61,40,NULL),(41,62,41,NULL),(42,63,42,NULL),(43,64,43,NULL),(44,65,44,NULL),(45,66,45,NULL),(46,67,46,NULL),(47,68,47,NULL),(48,69,48,NULL),(49,70,49,NULL),(50,71,50,NULL),(51,72,51,NULL),(52,73,52,NULL),(53,74,53,NULL),(54,75,54,NULL),(55,76,55,NULL),(56,77,56,NULL),(57,78,57,NULL),(58,79,58,NULL),(59,80,59,NULL),(60,81,60,NULL),(61,82,61,NULL),(62,83,62,NULL),(63,84,63,NULL),(64,85,43,NULL),(65,86,44,NULL),(66,87,45,NULL),(67,88,46,NULL),(68,89,47,NULL),(69,90,48,NULL),(70,91,49,NULL),(71,92,50,NULL),(72,93,51,NULL),(73,94,52,NULL),(74,95,53,NULL),(75,96,54,NULL),(76,97,55,NULL),(77,98,56,NULL),(78,99,57,NULL),(79,100,58,NULL),(80,101,59,NULL),(81,102,60,NULL),(82,103,61,NULL),(83,104,62,NULL),(84,105,63,NULL),(85,106,64,NULL),(86,107,65,NULL),(87,108,66,NULL),(88,109,67,NULL),(89,110,68,NULL),(90,111,69,NULL),(91,112,70,NULL),(92,113,71,NULL),(93,114,72,NULL),(94,115,73,NULL),(95,116,74,NULL),(96,117,75,NULL),(97,118,76,NULL),(98,119,77,NULL),(99,120,78,NULL),(100,121,79,NULL),(101,122,80,NULL),(102,123,81,NULL),(103,124,82,NULL),(104,125,83,NULL),(105,126,84,NULL),(106,127,85,NULL),(107,128,86,NULL),(108,129,87,NULL),(109,130,88,NULL),(110,131,89,NULL),(111,132,90,NULL),(112,133,91,NULL),(113,134,92,NULL),(114,135,93,NULL),(115,136,94,NULL),(116,137,95,NULL),(117,138,96,NULL),(118,139,97,NULL),(119,140,98,NULL),(120,141,99,NULL),(121,142,100,NULL),(122,143,101,NULL),(123,144,102,NULL),(124,145,103,NULL),(125,146,104,NULL),(126,147,105,NULL),(127,148,85,NULL),(128,149,86,NULL),(129,150,87,NULL),(130,151,88,NULL),(131,152,89,NULL),(132,153,90,NULL),(133,154,91,NULL),(134,155,92,NULL),(135,156,93,NULL),(136,157,94,NULL),(137,158,95,NULL),(138,159,96,NULL),(139,160,97,NULL),(140,161,98,NULL),(141,162,99,NULL),(142,163,100,NULL),(143,164,101,NULL),(144,165,102,NULL),(145,166,103,NULL),(146,167,104,NULL),(147,168,105,NULL),(148,169,106,NULL),(149,170,107,NULL),(150,171,108,NULL),(151,172,109,NULL),(152,173,110,NULL),(153,174,111,NULL),(154,175,112,NULL),(155,176,113,NULL),(156,177,114,NULL),(157,178,115,NULL),(158,179,116,NULL),(159,180,117,NULL),(160,181,118,NULL),(161,182,119,NULL),(162,183,120,NULL),(163,184,121,NULL),(164,185,122,NULL),(165,186,123,NULL),(166,187,124,NULL),(167,188,125,NULL),(168,189,126,NULL),(169,190,127,NULL),(170,191,128,NULL),(171,192,129,NULL),(172,193,130,NULL),(173,194,131,NULL),(174,195,132,NULL),(175,196,133,NULL),(176,197,134,NULL),(177,198,135,NULL),(178,199,136,NULL),(179,200,137,NULL),(180,201,138,NULL),(181,202,139,NULL),(182,203,140,NULL),(183,204,141,NULL),(184,205,142,NULL),(185,206,143,NULL),(186,207,144,NULL),(187,208,145,NULL),(188,209,146,NULL),(189,210,147,NULL),(190,211,127,NULL),(191,212,128,NULL),(192,213,129,NULL),(193,214,130,NULL),(194,215,131,NULL),(195,216,132,NULL),(196,217,133,NULL),(197,218,134,NULL),(198,219,135,NULL),(199,220,136,NULL),(200,221,137,NULL),(201,222,138,NULL),(202,223,139,NULL),(203,224,140,NULL),(204,225,141,NULL),(205,226,142,NULL),(206,227,143,NULL),(207,228,144,NULL),(208,229,145,NULL),(209,230,146,NULL),(210,231,147,NULL),(211,232,148,NULL),(212,233,149,NULL),(213,234,150,NULL),(214,235,151,NULL),(215,236,152,NULL),(216,237,153,NULL),(217,238,154,NULL),(218,239,155,NULL),(219,240,156,NULL),(220,241,157,NULL),(221,242,158,NULL),(222,243,159,NULL),(223,244,160,NULL),(224,245,161,NULL),(225,246,162,NULL),(226,247,163,NULL),(227,248,164,NULL),(228,249,165,NULL),(229,250,166,NULL),(230,251,167,NULL),(231,252,168,NULL);
/*!40000 ALTER TABLE `cicontextfeatures` ENABLE KEYS */;
UNLOCK TABLES;

--
-- Table structure for table `cicrowdexplains`
--

DROP TABLE IF EXISTS `cicrowdexplains`;
/*!40101 SET @saved_cs_client     = @@character_set_client */;
/*!40101 SET character_set_client = utf8 */;
CREATE TABLE `cicrowdexplains` (
  `id` int(11) NOT NULL AUTO_INCREMENT,
  `questionid` int(11) NOT NULL,
  `eventlabel` varchar(255) NOT NULL,
  `eventdesc` varchar(512) NOT NULL,
  `option1` varchar(255) NOT NULL,
  `option2` varchar(255) NOT NULL,
  `votes` int(11) NOT NULL DEFAULT '1',
  PRIMARY KEY (`id`),
  KEY `question_idx` (`questionid`),
  CONSTRAINT `question` FOREIGN KEY (`questionid`) REFERENCES `ciquestions` (`id`) ON DELETE NO ACTION ON UPDATE NO ACTION
) ENGINE=InnoDB DEFAULT CHARSET=latin1;
/*!40101 SET character_set_client = @saved_cs_client */;

--
-- Dumping data for table `cicrowdexplains`
--

LOCK TABLES `cicrowdexplains` WRITE;
/*!40000 ALTER TABLE `cicrowdexplains` DISABLE KEYS */;
/*!40000 ALTER TABLE `cicrowdexplains` ENABLE KEYS */;
UNLOCK TABLES;

--
-- Table structure for table `cicrowdinput`
--

DROP TABLE IF EXISTS `cicrowdinput`;
/*!40101 SET @saved_cs_client     = @@character_set_client */;
/*!40101 SET character_set_client = utf8 */;
CREATE TABLE `cicrowdinput` (
  `id` int(11) NOT NULL AUTO_INCREMENT,
  `questionid` int(11) NOT NULL,
  `site` varchar(512) NOT NULL DEFAULT 'TestOnly',
  `user` int(11) NOT NULL DEFAULT '0',
  `date` datetime NOT NULL,
  `value` text NOT NULL,
  `confidence` double NOT NULL DEFAULT '-1',
  PRIMARY KEY (`id`),
  KEY `questionid_idx` (`questionid`),
  CONSTRAINT `qci` FOREIGN KEY (`questionid`) REFERENCES `ciquestions` (`id`) ON DELETE CASCADE ON UPDATE NO ACTION
) ENGINE=InnoDB DEFAULT CHARSET=latin1;
/*!40101 SET character_set_client = @saved_cs_client */;

--
-- Dumping data for table `cicrowdinput`
--

LOCK TABLES `cicrowdinput` WRITE;
/*!40000 ALTER TABLE `cicrowdinput` DISABLE KEYS */;
/*!40000 ALTER TABLE `cicrowdinput` ENABLE KEYS */;
UNLOCK TABLES;

--
-- Table structure for table `ciquestions`
--

DROP TABLE IF EXISTS `ciquestions`;
/*!40101 SET @saved_cs_client     = @@character_set_client */;
/*!40101 SET character_set_client = utf8 */;
CREATE TABLE `ciquestions` (
  `id` int(11) NOT NULL AUTO_INCREMENT,
  `questiontype` varchar(45) NOT NULL,
  `label` varchar(512) NOT NULL DEFAULT 'Unknown Question',
  `context` varchar(2048) NOT NULL,
  `question` text NOT NULL,
  `units` varchar(45) NOT NULL,
  `active` tinyint(1) NOT NULL DEFAULT '1',
  PRIMARY KEY (`id`)
) ENGINE=InnoDB AUTO_INCREMENT=253 DEFAULT CHARSET=latin1;
/*!40101 SET character_set_client = @saved_cs_client */;

--
-- Dumping data for table `ciquestions`
--

LOCK TABLES `ciquestions` WRITE;
/*!40000 ALTER TABLE `ciquestions` DISABLE KEYS */;
INSERT INTO `ciquestions` VALUES (1,'FEATURE','The barrels produced daily for Saudi Aramco','','What will the barrels produced daily (in barrels of oil) for Saudi Aramco be on Aug 2010?','',0),(2,'FEATURE','Saudi Aramco actively exploring new fields','','Will Saudi Aramco be actively exploring new fields in Aug 2010?','',0),(3,'FEATURE','Will Saudi Aramco will find new oil well','','What is the probability that Saudi Aramco will find new oil well on Aug 2010?','',0),(4,'FEATURE','The barrels produced daily for National Iranian Oil','','What will the barrels produced daily (in barrels of oil) for National Iranian Oil be on Aug 2010?','',0),(5,'FEATURE','National Iranian Oil actively exploring new fields','','Will National Iranian Oil be actively exploring new fields in Aug 2010?','',0),(6,'FEATURE','Will National Iranian Oil will find new oil well','','What is the probability that National Iranian Oil will find new oil well on Aug 2010?','',0),(7,'FEATURE','The barrels produced daily for ExxonMobil','','What will the barrels produced daily (in barrels of oil) for ExxonMobil be on Aug 2010?','',0),(8,'FEATURE','ExxonMobil actively exploring new fields','','Will ExxonMobil be actively exploring new fields in Aug 2010?','',0),(9,'FEATURE','Will ExxonMobil will find new oil well','','What is the probability that ExxonMobil will find new oil well on Aug 2010?','',0),(10,'FEATURE','The amount of natural gas produced daily for Gazprom','','What will the amount of natural gas produced daily (in millions of BTUs per day) for Gazprom be on Aug 2010?','',0),(11,'FEATURE','Gazprom incorporating methane in gas mixture','','Will Gazprom be incorporating methane in gas mixture in Aug 2010?','',0),(12,'FEATURE','Will Gazprom will be using fracking','','What is the probability that Gazprom will be using fracking on Aug 2010?','',0),(13,'FEATURE','The amount of natural gas produced daily for Sonatrach','','What will the amount of natural gas produced daily (in millions of BTUs per day) for Sonatrach be on Aug 2010?','',0),(14,'FEATURE','Sonatrach incorporating methane in gas mixture','','Will Sonatrach be incorporating methane in gas mixture in Aug 2010?','',0),(15,'FEATURE','Will Sonatrach will be using fracking','','What is the probability that Sonatrach will be using fracking on Aug 2010?','',0),(16,'FEATURE','The customer base for AltaRock Energy','','What will the customer base (in number of homes) for AltaRock Energy be on Aug 2010?','',0),(17,'FEATURE','AltaRock Energy researching new technologies','','Will AltaRock Energy be researching new technologies in Aug 2010?','',0),(18,'FEATURE','Will AltaRock Energy market adoption for domestic use','','What is the probability that AltaRock Energy market adoption for domestic use on Aug 2010?','',0),(19,'FEATURE','The customer base for BioFuelBox','','What will the customer base (in number of homes) for BioFuelBox be on Aug 2010?','',0),(20,'FEATURE','BioFuelBox researching new technologies','','Will BioFuelBox be researching new technologies in Aug 2010?','',0),(21,'FEATURE','Will BioFuelBox market adoption for domestic use','','What is the probability that BioFuelBox market adoption for domestic use on Aug 2010?','',0),(22,'FEATURE','The barrels produced daily for Saudi Aramco','Please assume the follow statements are true when answering this question:<UL class=\'contextlist\'><LI class=\'contextitem\'>barrels produced daily was 682 in Aug 2010</LI></UL><BR><P>','What will the barrels produced daily (in barrels of oil) for Saudi Aramco be on Aug 2011?','',0),(23,'FEATURE','Saudi Aramco actively exploring new fields','Please assume the follow statements are true when answering this question:<UL class=\'contextlist\'><LI class=\'contextitem\'>actively exploring new fields was False in Aug 2010</LI></UL><BR><P>','Will Saudi Aramco be actively exploring new fields in Aug 2011?','',0),(24,'FEATURE','Will Saudi Aramco will find new oil well','Please assume the follow statements are true when answering this question:<UL class=\'contextlist\'><LI class=\'contextitem\'>will find new oil well was 0.590 in Aug 2010</LI></UL><BR><P>','What is the probability that Saudi Aramco will find new oil well on Aug 2011?','',0),(25,'FEATURE','The barrels produced daily for National Iranian Oil','Please assume the follow statements are true when answering this question:<UL class=\'contextlist\'><LI class=\'contextitem\'>barrels produced daily was 399 in Aug 2010</LI></UL><BR><P>','What will the barrels produced daily (in barrels of oil) for National Iranian Oil be on Aug 2011?','',0),(26,'FEATURE','National Iranian Oil actively exploring new fields','Please assume the follow statements are true when answering this question:<UL class=\'contextlist\'><LI class=\'contextitem\'>actively exploring new fields was False in Aug 2010</LI></UL><BR><P>','Will National Iranian Oil be actively exploring new fields in Aug 2011?','',0),(27,'FEATURE','Will National Iranian Oil will find new oil well','Please assume the follow statements are true when answering this question:<UL class=\'contextlist\'><LI class=\'contextitem\'>will find new oil well was 0.355 in Aug 2010</LI></UL><BR><P>','What is the probability that National Iranian Oil will find new oil well on Aug 2011?','',0),(28,'FEATURE','The barrels produced daily for ExxonMobil','Please assume the follow statements are true when answering this question:<UL class=\'contextlist\'><LI class=\'contextitem\'>barrels produced daily was 254 in Aug 2010</LI></UL><BR><P>','What will the barrels produced daily (in barrels of oil) for ExxonMobil be on Aug 2011?','',0),(29,'FEATURE','ExxonMobil actively exploring new fields','Please assume the follow statements are true when answering this question:<UL class=\'contextlist\'><LI class=\'contextitem\'>actively exploring new fields was False in Aug 2010</LI></UL><BR><P>','Will ExxonMobil be actively exploring new fields in Aug 2011?','',0),(30,'FEATURE','Will ExxonMobil will find new oil well','Please assume the follow statements are true when answering this question:<UL class=\'contextlist\'><LI class=\'contextitem\'>will find new oil well was 0.595 in Aug 2010</LI></UL><BR><P>','What is the probability that ExxonMobil will find new oil well on Aug 2011?','',0),(31,'FEATURE','The amount of natural gas produced daily for Gazprom','Please assume the follow statements are true when answering this question:<UL class=\'contextlist\'><LI class=\'contextitem\'>amount of natural gas produced daily was 577 in Aug 2010</LI></UL><BR><P>','What will the amount of natural gas produced daily (in millions of BTUs per day) for Gazprom be on Aug 2011?','',0),(32,'FEATURE','Gazprom incorporating methane in gas mixture','Please assume the follow statements are true when answering this question:<UL class=\'contextlist\'><LI class=\'contextitem\'>incorporating methane in gas mixture was False in Aug 2010</LI></UL><BR><P>','Will Gazprom be incorporating methane in gas mixture in Aug 2011?','',0),(33,'FEATURE','Will Gazprom will be using fracking','Please assume the follow statements are true when answering this question:<UL class=\'contextlist\'><LI class=\'contextitem\'>will be using fracking was 0.533 in Aug 2010</LI></UL><BR><P>','What is the probability that Gazprom will be using fracking on Aug 2011?','',0),(34,'FEATURE','The amount of natural gas produced daily for Sonatrach','Please assume the follow statements are true when answering this question:<UL class=\'contextlist\'><LI class=\'contextitem\'>amount of natural gas produced daily was 321 in Aug 2010</LI></UL><BR><P>','What will the amount of natural gas produced daily (in millions of BTUs per day) for Sonatrach be on Aug 2011?','',0),(35,'FEATURE','Sonatrach incorporating methane in gas mixture','Please assume the follow statements are true when answering this question:<UL class=\'contextlist\'><LI class=\'contextitem\'>incorporating methane in gas mixture was False in Aug 2010</LI></UL><BR><P>','Will Sonatrach be incorporating methane in gas mixture in Aug 2011?','',0),(36,'FEATURE','Will Sonatrach will be using fracking','Please assume the follow statements are true when answering this question:<UL class=\'contextlist\'><LI class=\'contextitem\'>will be using fracking was 0.852 in Aug 2010</LI></UL><BR><P>','What is the probability that Sonatrach will be using fracking on Aug 2011?','',0),(37,'FEATURE','The customer base for AltaRock Energy','Please assume the follow statements are true when answering this question:<UL class=\'contextlist\'><LI class=\'contextitem\'>customer base was 405 in Aug 2010</LI></UL><BR><P>','What will the customer base (in number of homes) for AltaRock Energy be on Aug 2011?','',0),(38,'FEATURE','AltaRock Energy researching new technologies','Please assume the follow statements are true when answering this question:<UL class=\'contextlist\'><LI class=\'contextitem\'>researching new technologies was True in Aug 2010</LI></UL><BR><P>','Will AltaRock Energy be researching new technologies in Aug 2011?','',0),(39,'FEATURE','Will AltaRock Energy market adoption for domestic use','Please assume the follow statements are true when answering this question:<UL class=\'contextlist\'><LI class=\'contextitem\'>market adoption for domestic use was 0.290 in Aug 2010</LI></UL><BR><P>','What is the probability that AltaRock Energy market adoption for domestic use on Aug 2011?','',0),(40,'FEATURE','The customer base for BioFuelBox','Please assume the follow statements are true when answering this question:<UL class=\'contextlist\'><LI class=\'contextitem\'>customer base was 980 in Aug 2010</LI></UL><BR><P>','What will the customer base (in number of homes) for BioFuelBox be on Aug 2011?','',0),(41,'FEATURE','BioFuelBox researching new technologies','Please assume the follow statements are true when answering this question:<UL class=\'contextlist\'><LI class=\'contextitem\'>researching new technologies was True in Aug 2010</LI></UL><BR><P>','Will BioFuelBox be researching new technologies in Aug 2011?','',0),(42,'FEATURE','Will BioFuelBox market adoption for domestic use','Please assume the follow statements are true when answering this question:<UL class=\'contextlist\'><LI class=\'contextitem\'>market adoption for domestic use was 0.182 in Aug 2010</LI></UL><BR><P>','What is the probability that BioFuelBox market adoption for domestic use on Aug 2011?','',0),(43,'FEATURE','The barrels produced daily for Saudi Aramco','Please assume the follow statements are true when answering this question:<UL class=\'contextlist\'><LI class=\'contextitem\'>barrels produced daily was 557 in Aug 2011</LI></UL><BR><P>','What will the barrels produced daily (in barrels of oil) for Saudi Aramco be on Aug 2012?','',0),(44,'FEATURE','Saudi Aramco actively exploring new fields','Please assume the follow statements are true when answering this question:<UL class=\'contextlist\'><LI class=\'contextitem\'>actively exploring new fields was False in Aug 2011</LI></UL><BR><P>','Will Saudi Aramco be actively exploring new fields in Aug 2012?','',0),(45,'FEATURE','Will Saudi Aramco will find new oil well','Please assume the follow statements are true when answering this question:<UL class=\'contextlist\'><LI class=\'contextitem\'>will find new oil well was 0.331 in Aug 2011</LI></UL><BR><P>','What is the probability that Saudi Aramco will find new oil well on Aug 2012?','',0),(46,'FEATURE','The barrels produced daily for National Iranian Oil','Please assume the follow statements are true when answering this question:<UL class=\'contextlist\'><LI class=\'contextitem\'>barrels produced daily was 344 in Aug 2011</LI></UL><BR><P>','What will the barrels produced daily (in barrels of oil) for National Iranian Oil be on Aug 2012?','',0),(47,'FEATURE','National Iranian Oil actively exploring new fields','Please assume the follow statements are true when answering this question:<UL class=\'contextlist\'><LI class=\'contextitem\'>actively exploring new fields was False in Aug 2011</LI></UL><BR><P>','Will National Iranian Oil be actively exploring new fields in Aug 2012?','',0),(48,'FEATURE','Will National Iranian Oil will find new oil well','Please assume the follow statements are true when answering this question:<UL class=\'contextlist\'><LI class=\'contextitem\'>will find new oil well was 0.579 in Aug 2011</LI></UL><BR><P>','What is the probability that National Iranian Oil will find new oil well on Aug 2012?','',0),(49,'FEATURE','The barrels produced daily for ExxonMobil','Please assume the follow statements are true when answering this question:<UL class=\'contextlist\'><LI class=\'contextitem\'>barrels produced daily was 437 in Aug 2011</LI></UL><BR><P>','What will the barrels produced daily (in barrels of oil) for ExxonMobil be on Aug 2012?','',0),(50,'FEATURE','ExxonMobil actively exploring new fields','Please assume the follow statements are true when answering this question:<UL class=\'contextlist\'><LI class=\'contextitem\'>actively exploring new fields was True in Aug 2011</LI></UL><BR><P>','Will ExxonMobil be actively exploring new fields in Aug 2012?','',0),(51,'FEATURE','Will ExxonMobil will find new oil well','Please assume the follow statements are true when answering this question:<UL class=\'contextlist\'><LI class=\'contextitem\'>will find new oil well was 0.051 in Aug 2011</LI></UL><BR><P>','What is the probability that ExxonMobil will find new oil well on Aug 2012?','',0),(52,'FEATURE','The amount of natural gas produced daily for Gazprom','Please assume the follow statements are true when answering this question:<UL class=\'contextlist\'><LI class=\'contextitem\'>amount of natural gas produced daily was 923 in Aug 2011</LI></UL><BR><P>','What will the amount of natural gas produced daily (in millions of BTUs per day) for Gazprom be on Aug 2012?','',0),(53,'FEATURE','Gazprom incorporating methane in gas mixture','Please assume the follow statements are true when answering this question:<UL class=\'contextlist\'><LI class=\'contextitem\'>incorporating methane in gas mixture was False in Aug 2011</LI></UL><BR><P>','Will Gazprom be incorporating methane in gas mixture in Aug 2012?','',0),(54,'FEATURE','Will Gazprom will be using fracking','Please assume the follow statements are true when answering this question:<UL class=\'contextlist\'><LI class=\'contextitem\'>will be using fracking was 0.082 in Aug 2011</LI></UL><BR><P>','What is the probability that Gazprom will be using fracking on Aug 2012?','',0),(55,'FEATURE','The amount of natural gas produced daily for Sonatrach','Please assume the follow statements are true when answering this question:<UL class=\'contextlist\'><LI class=\'contextitem\'>amount of natural gas produced daily was 611 in Aug 2011</LI></UL><BR><P>','What will the amount of natural gas produced daily (in millions of BTUs per day) for Sonatrach be on Aug 2012?','',0),(56,'FEATURE','Sonatrach incorporating methane in gas mixture','Please assume the follow statements are true when answering this question:<UL class=\'contextlist\'><LI class=\'contextitem\'>incorporating methane in gas mixture was True in Aug 2011</LI></UL><BR><P>','Will Sonatrach be incorporating methane in gas mixture in Aug 2012?','',0),(57,'FEATURE','Will Sonatrach will be using fracking','Please assume the follow statements are true when answering this question:<UL class=\'contextlist\'><LI class=\'contextitem\'>will be using fracking was 0.877 in Aug 2011</LI></UL><BR><P>','What is the probability that Sonatrach will be using fracking on Aug 2012?','',0),(58,'FEATURE','The customer base for AltaRock Energy','Please assume the follow statements are true when answering this question:<UL class=\'contextlist\'><LI class=\'contextitem\'>customer base was 169 in Aug 2011</LI></UL><BR><P>','What will the customer base (in number of homes) for AltaRock Energy be on Aug 2012?','',0),(59,'FEATURE','AltaRock Energy researching new technologies','Please assume the follow statements are true when answering this question:<UL class=\'contextlist\'><LI class=\'contextitem\'>researching new technologies was True in Aug 2011</LI></UL><BR><P>','Will AltaRock Energy be researching new technologies in Aug 2012?','',0),(60,'FEATURE','Will AltaRock Energy market adoption for domestic use','Please assume the follow statements are true when answering this question:<UL class=\'contextlist\'><LI class=\'contextitem\'>market adoption for domestic use was 0.307 in Aug 2011</LI></UL><BR><P>','What is the probability that AltaRock Energy market adoption for domestic use on Aug 2012?','',0),(61,'FEATURE','The customer base for BioFuelBox','Please assume the follow statements are true when answering this question:<UL class=\'contextlist\'><LI class=\'contextitem\'>customer base was 686 in Aug 2011</LI></UL><BR><P>','What will the customer base (in number of homes) for BioFuelBox be on Aug 2012?','',0),(62,'FEATURE','BioFuelBox researching new technologies','Please assume the follow statements are true when answering this question:<UL class=\'contextlist\'><LI class=\'contextitem\'>researching new technologies was False in Aug 2011</LI></UL><BR><P>','Will BioFuelBox be researching new technologies in Aug 2012?','',0),(63,'FEATURE','Will BioFuelBox market adoption for domestic use','Please assume the follow statements are true when answering this question:<UL class=\'contextlist\'><LI class=\'contextitem\'>market adoption for domestic use was 0.607 in Aug 2011</LI></UL><BR><P>','What is the probability that BioFuelBox market adoption for domestic use on Aug 2012?','',0),(64,'FEATURE','The barrels produced daily for Saudi Aramco','Please assume the follow statements are true when answering this question:<UL class=\'contextlist\'><LI class=\'contextitem\'>OPEC maintains production limits</LI><LI class=\'contextitem\'>barrels produced daily was 147 in Aug 2012</LI></UL><BR><P>','What will the barrels produced daily (in barrels of oil) for Saudi Aramco be on Aug 2013?','',0),(65,'FEATURE','Saudi Aramco actively exploring new fields','Please assume the follow statements are true when answering this question:<UL class=\'contextlist\'><LI class=\'contextitem\'>OPEC maintains production limits</LI><LI class=\'contextitem\'>actively exploring new fields was False in Aug 2012</LI></UL><BR><P>','Will Saudi Aramco be actively exploring new fields in Aug 2013?','',0),(66,'FEATURE','Will Saudi Aramco will find new oil well','Please assume the follow statements are true when answering this question:<UL class=\'contextlist\'><LI class=\'contextitem\'>OPEC maintains production limits</LI><LI class=\'contextitem\'>will find new oil well was 0.482 in Aug 2012</LI></UL><BR><P>','What is the probability that Saudi Aramco will find new oil well on Aug 2013?','',0),(67,'FEATURE','The barrels produced daily for National Iranian Oil','Please assume the follow statements are true when answering this question:<UL class=\'contextlist\'><LI class=\'contextitem\'>OPEC maintains production limits</LI><LI class=\'contextitem\'>barrels produced daily was 508 in Aug 2012</LI></UL><BR><P>','What will the barrels produced daily (in barrels of oil) for National Iranian Oil be on Aug 2013?','',0),(68,'FEATURE','National Iranian Oil actively exploring new fields','Please assume the follow statements are true when answering this question:<UL class=\'contextlist\'><LI class=\'contextitem\'>OPEC maintains production limits</LI><LI class=\'contextitem\'>actively exploring new fields was False in Aug 2012</LI></UL><BR><P>','Will National Iranian Oil be actively exploring new fields in Aug 2013?','',0),(69,'FEATURE','Will National Iranian Oil will find new oil well','Please assume the follow statements are true when answering this question:<UL class=\'contextlist\'><LI class=\'contextitem\'>OPEC maintains production limits</LI><LI class=\'contextitem\'>will find new oil well was 0.102 in Aug 2012</LI></UL><BR><P>','What is the probability that National Iranian Oil will find new oil well on Aug 2013?','',0),(70,'FEATURE','The barrels produced daily for ExxonMobil','Please assume the follow statements are true when answering this question:<UL class=\'contextlist\'><LI class=\'contextitem\'>OPEC maintains production limits</LI><LI class=\'contextitem\'>barrels produced daily was 684 in Aug 2012</LI></UL><BR><P>','What will the barrels produced daily (in barrels of oil) for ExxonMobil be on Aug 2013?','',0),(71,'FEATURE','ExxonMobil actively exploring new fields','Please assume the follow statements are true when answering this question:<UL class=\'contextlist\'><LI class=\'contextitem\'>OPEC maintains production limits</LI><LI class=\'contextitem\'>actively exploring new fields was True in Aug 2012</LI></UL><BR><P>','Will ExxonMobil be actively exploring new fields in Aug 2013?','',0),(72,'FEATURE','Will ExxonMobil will find new oil well','Please assume the follow statements are true when answering this question:<UL class=\'contextlist\'><LI class=\'contextitem\'>OPEC maintains production limits</LI><LI class=\'contextitem\'>will find new oil well was 0.779 in Aug 2012</LI></UL><BR><P>','What is the probability that ExxonMobil will find new oil well on Aug 2013?','',0),(73,'FEATURE','The amount of natural gas produced daily for Gazprom','Please assume the follow statements are true when answering this question:<UL class=\'contextlist\'><LI class=\'contextitem\'>OPEC maintains production limits</LI><LI class=\'contextitem\'>amount of natural gas produced daily was 845 in Aug 2012</LI></UL><BR><P>','What will the amount of natural gas produced daily (in millions of BTUs per day) for Gazprom be on Aug 2013?','',0),(74,'FEATURE','Gazprom incorporating methane in gas mixture','Please assume the follow statements are true when answering this question:<UL class=\'contextlist\'><LI class=\'contextitem\'>OPEC maintains production limits</LI><LI class=\'contextitem\'>incorporating methane in gas mixture was True in Aug 2012</LI></UL><BR><P>','Will Gazprom be incorporating methane in gas mixture in Aug 2013?','',0),(75,'FEATURE','Will Gazprom will be using fracking','Please assume the follow statements are true when answering this question:<UL class=\'contextlist\'><LI class=\'contextitem\'>OPEC maintains production limits</LI><LI class=\'contextitem\'>will be using fracking was 0.338 in Aug 2012</LI></UL><BR><P>','What is the probability that Gazprom will be using fracking on Aug 2013?','',0),(76,'FEATURE','The amount of natural gas produced daily for Sonatrach','Please assume the follow statements are true when answering this question:<UL class=\'contextlist\'><LI class=\'contextitem\'>OPEC maintains production limits</LI><LI class=\'contextitem\'>amount of natural gas produced daily was 651 in Aug 2012</LI></UL><BR><P>','What will the amount of natural gas produced daily (in millions of BTUs per day) for Sonatrach be on Aug 2013?','',0),(77,'FEATURE','Sonatrach incorporating methane in gas mixture','Please assume the follow statements are true when answering this question:<UL class=\'contextlist\'><LI class=\'contextitem\'>OPEC maintains production limits</LI><LI class=\'contextitem\'>incorporating methane in gas mixture was True in Aug 2012</LI></UL><BR><P>','Will Sonatrach be incorporating methane in gas mixture in Aug 2013?','',0),(78,'FEATURE','Will Sonatrach will be using fracking','Please assume the follow statements are true when answering this question:<UL class=\'contextlist\'><LI class=\'contextitem\'>OPEC maintains production limits</LI><LI class=\'contextitem\'>will be using fracking was 0.179 in Aug 2012</LI></UL><BR><P>','What is the probability that Sonatrach will be using fracking on Aug 2013?','',0),(79,'FEATURE','The customer base for AltaRock Energy','Please assume the follow statements are true when answering this question:<UL class=\'contextlist\'><LI class=\'contextitem\'>OPEC maintains production limits</LI><LI class=\'contextitem\'>customer base was 660 in Aug 2012</LI></UL><BR><P>','What will the customer base (in number of homes) for AltaRock Energy be on Aug 2013?','',0),(80,'FEATURE','AltaRock Energy researching new technologies','Please assume the follow statements are true when answering this question:<UL class=\'contextlist\'><LI class=\'contextitem\'>OPEC maintains production limits</LI><LI class=\'contextitem\'>researching new technologies was False in Aug 2012</LI></UL><BR><P>','Will AltaRock Energy be researching new technologies in Aug 2013?','',0),(81,'FEATURE','Will AltaRock Energy market adoption for domestic use','Please assume the follow statements are true when answering this question:<UL class=\'contextlist\'><LI class=\'contextitem\'>OPEC maintains production limits</LI><LI class=\'contextitem\'>market adoption for domestic use was 0.372 in Aug 2012</LI></UL><BR><P>','What is the probability that AltaRock Energy market adoption for domestic use on Aug 2013?','',0),(82,'FEATURE','The customer base for BioFuelBox','Please assume the follow statements are true when answering this question:<UL class=\'contextlist\'><LI class=\'contextitem\'>OPEC maintains production limits</LI><LI class=\'contextitem\'>customer base was 944 in Aug 2012</LI></UL><BR><P>','What will the customer base (in number of homes) for BioFuelBox be on Aug 2013?','',0),(83,'FEATURE','BioFuelBox researching new technologies','Please assume the follow statements are true when answering this question:<UL class=\'contextlist\'><LI class=\'contextitem\'>OPEC maintains production limits</LI><LI class=\'contextitem\'>researching new technologies was True in Aug 2012</LI></UL><BR><P>','Will BioFuelBox be researching new technologies in Aug 2013?','',0),(84,'FEATURE','Will BioFuelBox market adoption for domestic use','Please assume the follow statements are true when answering this question:<UL class=\'contextlist\'><LI class=\'contextitem\'>OPEC maintains production limits</LI><LI class=\'contextitem\'>market adoption for domestic use was 0.486 in Aug 2012</LI></UL><BR><P>','What is the probability that BioFuelBox market adoption for domestic use on Aug 2013?','',0),(85,'FEATURE','The barrels produced daily for Saudi Aramco','Please assume the follow statements are true when answering this question:<UL class=\'contextlist\'><LI class=\'contextitem\'>OPEC lowers production limits</LI><LI class=\'contextitem\'>barrels produced daily was 147 in Aug 2012</LI></UL><BR><P>','What will the barrels produced daily (in barrels of oil) for Saudi Aramco be on Aug 2013?','',0),(86,'FEATURE','Saudi Aramco actively exploring new fields','Please assume the follow statements are true when answering this question:<UL class=\'contextlist\'><LI class=\'contextitem\'>OPEC lowers production limits</LI><LI class=\'contextitem\'>actively exploring new fields was False in Aug 2012</LI></UL><BR><P>','Will Saudi Aramco be actively exploring new fields in Aug 2013?','',0),(87,'FEATURE','Will Saudi Aramco will find new oil well','Please assume the follow statements are true when answering this question:<UL class=\'contextlist\'><LI class=\'contextitem\'>OPEC lowers production limits</LI><LI class=\'contextitem\'>will find new oil well was 0.482 in Aug 2012</LI></UL><BR><P>','What is the probability that Saudi Aramco will find new oil well on Aug 2013?','',0),(88,'FEATURE','The barrels produced daily for National Iranian Oil','Please assume the follow statements are true when answering this question:<UL class=\'contextlist\'><LI class=\'contextitem\'>OPEC lowers production limits</LI><LI class=\'contextitem\'>barrels produced daily was 508 in Aug 2012</LI></UL><BR><P>','What will the barrels produced daily (in barrels of oil) for National Iranian Oil be on Aug 2013?','',0),(89,'FEATURE','National Iranian Oil actively exploring new fields','Please assume the follow statements are true when answering this question:<UL class=\'contextlist\'><LI class=\'contextitem\'>OPEC lowers production limits</LI><LI class=\'contextitem\'>actively exploring new fields was False in Aug 2012</LI></UL><BR><P>','Will National Iranian Oil be actively exploring new fields in Aug 2013?','',0),(90,'FEATURE','Will National Iranian Oil will find new oil well','Please assume the follow statements are true when answering this question:<UL class=\'contextlist\'><LI class=\'contextitem\'>OPEC lowers production limits</LI><LI class=\'contextitem\'>will find new oil well was 0.102 in Aug 2012</LI></UL><BR><P>','What is the probability that National Iranian Oil will find new oil well on Aug 2013?','',0),(91,'FEATURE','The barrels produced daily for ExxonMobil','Please assume the follow statements are true when answering this question:<UL class=\'contextlist\'><LI class=\'contextitem\'>OPEC lowers production limits</LI><LI class=\'contextitem\'>barrels produced daily was 684 in Aug 2012</LI></UL><BR><P>','What will the barrels produced daily (in barrels of oil) for ExxonMobil be on Aug 2013?','',0),(92,'FEATURE','ExxonMobil actively exploring new fields','Please assume the follow statements are true when answering this question:<UL class=\'contextlist\'><LI class=\'contextitem\'>OPEC lowers production limits</LI><LI class=\'contextitem\'>actively exploring new fields was True in Aug 2012</LI></UL><BR><P>','Will ExxonMobil be actively exploring new fields in Aug 2013?','',0),(93,'FEATURE','Will ExxonMobil will find new oil well','Please assume the follow statements are true when answering this question:<UL class=\'contextlist\'><LI class=\'contextitem\'>OPEC lowers production limits</LI><LI class=\'contextitem\'>will find new oil well was 0.779 in Aug 2012</LI></UL><BR><P>','What is the probability that ExxonMobil will find new oil well on Aug 2013?','',0),(94,'FEATURE','The amount of natural gas produced daily for Gazprom','Please assume the follow statements are true when answering this question:<UL class=\'contextlist\'><LI class=\'contextitem\'>OPEC lowers production limits</LI><LI class=\'contextitem\'>amount of natural gas produced daily was 845 in Aug 2012</LI></UL><BR><P>','What will the amount of natural gas produced daily (in millions of BTUs per day) for Gazprom be on Aug 2013?','',0),(95,'FEATURE','Gazprom incorporating methane in gas mixture','Please assume the follow statements are true when answering this question:<UL class=\'contextlist\'><LI class=\'contextitem\'>OPEC lowers production limits</LI><LI class=\'contextitem\'>incorporating methane in gas mixture was True in Aug 2012</LI></UL><BR><P>','Will Gazprom be incorporating methane in gas mixture in Aug 2013?','',0),(96,'FEATURE','Will Gazprom will be using fracking','Please assume the follow statements are true when answering this question:<UL class=\'contextlist\'><LI class=\'contextitem\'>OPEC lowers production limits</LI><LI class=\'contextitem\'>will be using fracking was 0.338 in Aug 2012</LI></UL><BR><P>','What is the probability that Gazprom will be using fracking on Aug 2013?','',0),(97,'FEATURE','The amount of natural gas produced daily for Sonatrach','Please assume the follow statements are true when answering this question:<UL class=\'contextlist\'><LI class=\'contextitem\'>OPEC lowers production limits</LI><LI class=\'contextitem\'>amount of natural gas produced daily was 651 in Aug 2012</LI></UL><BR><P>','What will the amount of natural gas produced daily (in millions of BTUs per day) for Sonatrach be on Aug 2013?','',0),(98,'FEATURE','Sonatrach incorporating methane in gas mixture','Please assume the follow statements are true when answering this question:<UL class=\'contextlist\'><LI class=\'contextitem\'>OPEC lowers production limits</LI><LI class=\'contextitem\'>incorporating methane in gas mixture was True in Aug 2012</LI></UL><BR><P>','Will Sonatrach be incorporating methane in gas mixture in Aug 2013?','',0),(99,'FEATURE','Will Sonatrach will be using fracking','Please assume the follow statements are true when answering this question:<UL class=\'contextlist\'><LI class=\'contextitem\'>OPEC lowers production limits</LI><LI class=\'contextitem\'>will be using fracking was 0.179 in Aug 2012</LI></UL><BR><P>','What is the probability that Sonatrach will be using fracking on Aug 2013?','',0),(100,'FEATURE','The customer base for AltaRock Energy','Please assume the follow statements are true when answering this question:<UL class=\'contextlist\'><LI class=\'contextitem\'>OPEC lowers production limits</LI><LI class=\'contextitem\'>customer base was 660 in Aug 2012</LI></UL><BR><P>','What will the customer base (in number of homes) for AltaRock Energy be on Aug 2013?','',0),(101,'FEATURE','AltaRock Energy researching new technologies','Please assume the follow statements are true when answering this question:<UL class=\'contextlist\'><LI class=\'contextitem\'>OPEC lowers production limits</LI><LI class=\'contextitem\'>researching new technologies was False in Aug 2012</LI></UL><BR><P>','Will AltaRock Energy be researching new technologies in Aug 2013?','',0),(102,'FEATURE','Will AltaRock Energy market adoption for domestic use','Please assume the follow statements are true when answering this question:<UL class=\'contextlist\'><LI class=\'contextitem\'>OPEC lowers production limits</LI><LI class=\'contextitem\'>market adoption for domestic use was 0.372 in Aug 2012</LI></UL><BR><P>','What is the probability that AltaRock Energy market adoption for domestic use on Aug 2013?','',0),(103,'FEATURE','The customer base for BioFuelBox','Please assume the follow statements are true when answering this question:<UL class=\'contextlist\'><LI class=\'contextitem\'>OPEC lowers production limits</LI><LI class=\'contextitem\'>customer base was 944 in Aug 2012</LI></UL><BR><P>','What will the customer base (in number of homes) for BioFuelBox be on Aug 2013?','',0),(104,'FEATURE','BioFuelBox researching new technologies','Please assume the follow statements are true when answering this question:<UL class=\'contextlist\'><LI class=\'contextitem\'>OPEC lowers production limits</LI><LI class=\'contextitem\'>researching new technologies was True in Aug 2012</LI></UL><BR><P>','Will BioFuelBox be researching new technologies in Aug 2013?','',0),(105,'FEATURE','Will BioFuelBox market adoption for domestic use','Please assume the follow statements are true when answering this question:<UL class=\'contextlist\'><LI class=\'contextitem\'>OPEC lowers production limits</LI><LI class=\'contextitem\'>market adoption for domestic use was 0.486 in Aug 2012</LI></UL><BR><P>','What is the probability that BioFuelBox market adoption for domestic use on Aug 2013?','',0),(106,'FEATURE','The barrels produced daily for Saudi Aramco','Please assume the follow statements are true when answering this question:<UL class=\'contextlist\'><LI class=\'contextitem\'>OPEC maintains production limits</LI><LI class=\'contextitem\'>barrels produced daily was 765 in Aug 2013</LI></UL><BR><P>','What will the barrels produced daily (in barrels of oil) for Saudi Aramco be on Aug 2014?','',0),(107,'FEATURE','Saudi Aramco actively exploring new fields','Please assume the follow statements are true when answering this question:<UL class=\'contextlist\'><LI class=\'contextitem\'>OPEC maintains production limits</LI><LI class=\'contextitem\'>actively exploring new fields was False in Aug 2013</LI></UL><BR><P>','Will Saudi Aramco be actively exploring new fields in Aug 2014?','',0),(108,'FEATURE','Will Saudi Aramco will find new oil well','Please assume the follow statements are true when answering this question:<UL class=\'contextlist\'><LI class=\'contextitem\'>OPEC maintains production limits</LI><LI class=\'contextitem\'>will find new oil well was 0.435 in Aug 2013</LI></UL><BR><P>','What is the probability that Saudi Aramco will find new oil well on Aug 2014?','',0),(109,'FEATURE','The barrels produced daily for National Iranian Oil','Please assume the follow statements are true when answering this question:<UL class=\'contextlist\'><LI class=\'contextitem\'>OPEC maintains production limits</LI><LI class=\'contextitem\'>barrels produced daily was 481 in Aug 2013</LI></UL><BR><P>','What will the barrels produced daily (in barrels of oil) for National Iranian Oil be on Aug 2014?','',0),(110,'FEATURE','National Iranian Oil actively exploring new fields','Please assume the follow statements are true when answering this question:<UL class=\'contextlist\'><LI class=\'contextitem\'>OPEC maintains production limits</LI><LI class=\'contextitem\'>actively exploring new fields was True in Aug 2013</LI></UL><BR><P>','Will National Iranian Oil be actively exploring new fields in Aug 2014?','',0),(111,'FEATURE','Will National Iranian Oil will find new oil well','Please assume the follow statements are true when answering this question:<UL class=\'contextlist\'><LI class=\'contextitem\'>OPEC maintains production limits</LI><LI class=\'contextitem\'>will find new oil well was 0.388 in Aug 2013</LI></UL><BR><P>','What is the probability that National Iranian Oil will find new oil well on Aug 2014?','',0),(112,'FEATURE','The barrels produced daily for ExxonMobil','Please assume the follow statements are true when answering this question:<UL class=\'contextlist\'><LI class=\'contextitem\'>OPEC maintains production limits</LI><LI class=\'contextitem\'>barrels produced daily was 708 in Aug 2013</LI></UL><BR><P>','What will the barrels produced daily (in barrels of oil) for ExxonMobil be on Aug 2014?','',0),(113,'FEATURE','ExxonMobil actively exploring new fields','Please assume the follow statements are true when answering this question:<UL class=\'contextlist\'><LI class=\'contextitem\'>OPEC maintains production limits</LI><LI class=\'contextitem\'>actively exploring new fields was True in Aug 2013</LI></UL><BR><P>','Will ExxonMobil be actively exploring new fields in Aug 2014?','',0),(114,'FEATURE','Will ExxonMobil will find new oil well','Please assume the follow statements are true when answering this question:<UL class=\'contextlist\'><LI class=\'contextitem\'>OPEC maintains production limits</LI><LI class=\'contextitem\'>will find new oil well was 0.475 in Aug 2013</LI></UL><BR><P>','What is the probability that ExxonMobil will find new oil well on Aug 2014?','',0),(115,'FEATURE','The amount of natural gas produced daily for Gazprom','Please assume the follow statements are true when answering this question:<UL class=\'contextlist\'><LI class=\'contextitem\'>OPEC maintains production limits</LI><LI class=\'contextitem\'>amount of natural gas produced daily was 436 in Aug 2013</LI></UL><BR><P>','What will the amount of natural gas produced daily (in millions of BTUs per day) for Gazprom be on Aug 2014?','',0),(116,'FEATURE','Gazprom incorporating methane in gas mixture','Please assume the follow statements are true when answering this question:<UL class=\'contextlist\'><LI class=\'contextitem\'>OPEC maintains production limits</LI><LI class=\'contextitem\'>incorporating methane in gas mixture was True in Aug 2013</LI></UL><BR><P>','Will Gazprom be incorporating methane in gas mixture in Aug 2014?','',0),(117,'FEATURE','Will Gazprom will be using fracking','Please assume the follow statements are true when answering this question:<UL class=\'contextlist\'><LI class=\'contextitem\'>OPEC maintains production limits</LI><LI class=\'contextitem\'>will be using fracking was 0.868 in Aug 2013</LI></UL><BR><P>','What is the probability that Gazprom will be using fracking on Aug 2014?','',0),(118,'FEATURE','The amount of natural gas produced daily for Sonatrach','Please assume the follow statements are true when answering this question:<UL class=\'contextlist\'><LI class=\'contextitem\'>OPEC maintains production limits</LI><LI class=\'contextitem\'>amount of natural gas produced daily was 831 in Aug 2013</LI></UL><BR><P>','What will the amount of natural gas produced daily (in millions of BTUs per day) for Sonatrach be on Aug 2014?','',0),(119,'FEATURE','Sonatrach incorporating methane in gas mixture','Please assume the follow statements are true when answering this question:<UL class=\'contextlist\'><LI class=\'contextitem\'>OPEC maintains production limits</LI><LI class=\'contextitem\'>incorporating methane in gas mixture was False in Aug 2013</LI></UL><BR><P>','Will Sonatrach be incorporating methane in gas mixture in Aug 2014?','',0),(120,'FEATURE','Will Sonatrach will be using fracking','Please assume the follow statements are true when answering this question:<UL class=\'contextlist\'><LI class=\'contextitem\'>OPEC maintains production limits</LI><LI class=\'contextitem\'>will be using fracking was 0.167 in Aug 2013</LI></UL><BR><P>','What is the probability that Sonatrach will be using fracking on Aug 2014?','',0),(121,'FEATURE','The customer base for AltaRock Energy','Please assume the follow statements are true when answering this question:<UL class=\'contextlist\'><LI class=\'contextitem\'>OPEC maintains production limits</LI><LI class=\'contextitem\'>customer base was 657 in Aug 2013</LI></UL><BR><P>','What will the customer base (in number of homes) for AltaRock Energy be on Aug 2014?','',0),(122,'FEATURE','AltaRock Energy researching new technologies','Please assume the follow statements are true when answering this question:<UL class=\'contextlist\'><LI class=\'contextitem\'>OPEC maintains production limits</LI><LI class=\'contextitem\'>researching new technologies was False in Aug 2013</LI></UL><BR><P>','Will AltaRock Energy be researching new technologies in Aug 2014?','',0),(123,'FEATURE','Will AltaRock Energy market adoption for domestic use','Please assume the follow statements are true when answering this question:<UL class=\'contextlist\'><LI class=\'contextitem\'>OPEC maintains production limits</LI><LI class=\'contextitem\'>market adoption for domestic use was 0.004 in Aug 2013</LI></UL><BR><P>','What is the probability that AltaRock Energy market adoption for domestic use on Aug 2014?','',0),(124,'FEATURE','The customer base for BioFuelBox','Please assume the follow statements are true when answering this question:<UL class=\'contextlist\'><LI class=\'contextitem\'>OPEC maintains production limits</LI><LI class=\'contextitem\'>customer base was 572 in Aug 2013</LI></UL><BR><P>','What will the customer base (in number of homes) for BioFuelBox be on Aug 2014?','',0),(125,'FEATURE','BioFuelBox researching new technologies','Please assume the follow statements are true when answering this question:<UL class=\'contextlist\'><LI class=\'contextitem\'>OPEC maintains production limits</LI><LI class=\'contextitem\'>researching new technologies was True in Aug 2013</LI></UL><BR><P>','Will BioFuelBox be researching new technologies in Aug 2014?','',0),(126,'FEATURE','Will BioFuelBox market adoption for domestic use','Please assume the follow statements are true when answering this question:<UL class=\'contextlist\'><LI class=\'contextitem\'>OPEC maintains production limits</LI><LI class=\'contextitem\'>market adoption for domestic use was 0.412 in Aug 2013</LI></UL><BR><P>','What is the probability that BioFuelBox market adoption for domestic use on Aug 2014?','',0),(127,'FEATURE','The barrels produced daily for Saudi Aramco','Please assume the follow statements are true when answering this question:<UL class=\'contextlist\'><LI class=\'contextitem\'>OPEC lowers production limits</LI><LI class=\'contextitem\'>federal laws subsidize US based natural gas companies</LI><LI class=\'contextitem\'>barrels produced daily was 568 in Aug 2013</LI></UL><BR><P>','What will the barrels produced daily (in barrels of oil) for Saudi Aramco be on Aug 2014?','',0),(128,'FEATURE','Saudi Aramco actively exploring new fields','Please assume the follow statements are true when answering this question:<UL class=\'contextlist\'><LI class=\'contextitem\'>OPEC lowers production limits</LI><LI class=\'contextitem\'>federal laws subsidize US based natural gas companies</LI><LI class=\'contextitem\'>actively exploring new fields was True in Aug 2013</LI></UL><BR><P>','Will Saudi Aramco be actively exploring new fields in Aug 2014?','',0),(129,'FEATURE','Will Saudi Aramco will find new oil well','Please assume the follow statements are true when answering this question:<UL class=\'contextlist\'><LI class=\'contextitem\'>OPEC lowers production limits</LI><LI class=\'contextitem\'>federal laws subsidize US based natural gas companies</LI><LI class=\'contextitem\'>will find new oil well was 0.564 in Aug 2013</LI></UL><BR><P>','What is the probability that Saudi Aramco will find new oil well on Aug 2014?','',0),(130,'FEATURE','The barrels produced daily for National Iranian Oil','Please assume the follow statements are true when answering this question:<UL class=\'contextlist\'><LI class=\'contextitem\'>OPEC lowers production limits</LI><LI class=\'contextitem\'>federal laws subsidize US based natural gas companies</LI><LI class=\'contextitem\'>barrels produced daily was 82 in Aug 2013</LI></UL><BR><P>','What will the barrels produced daily (in barrels of oil) for National Iranian Oil be on Aug 2014?','',0),(131,'FEATURE','National Iranian Oil actively exploring new fields','Please assume the follow statements are true when answering this question:<UL class=\'contextlist\'><LI class=\'contextitem\'>OPEC lowers production limits</LI><LI class=\'contextitem\'>federal laws subsidize US based natural gas companies</LI><LI class=\'contextitem\'>actively exploring new fields was True in Aug 2013</LI></UL><BR><P>','Will National Iranian Oil be actively exploring new fields in Aug 2014?','',0),(132,'FEATURE','Will National Iranian Oil will find new oil well','Please assume the follow statements are true when answering this question:<UL class=\'contextlist\'><LI class=\'contextitem\'>OPEC lowers production limits</LI><LI class=\'contextitem\'>federal laws subsidize US based natural gas companies</LI><LI class=\'contextitem\'>will find new oil well was 0.710 in Aug 2013</LI></UL><BR><P>','What is the probability that National Iranian Oil will find new oil well on Aug 2014?','',0),(133,'FEATURE','The barrels produced daily for ExxonMobil','Please assume the follow statements are true when answering this question:<UL class=\'contextlist\'><LI class=\'contextitem\'>OPEC lowers production limits</LI><LI class=\'contextitem\'>federal laws subsidize US based natural gas companies</LI><LI class=\'contextitem\'>barrels produced daily was 789 in Aug 2013</LI></UL><BR><P>','What will the barrels produced daily (in barrels of oil) for ExxonMobil be on Aug 2014?','',0),(134,'FEATURE','ExxonMobil actively exploring new fields','Please assume the follow statements are true when answering this question:<UL class=\'contextlist\'><LI class=\'contextitem\'>OPEC lowers production limits</LI><LI class=\'contextitem\'>federal laws subsidize US based natural gas companies</LI><LI class=\'contextitem\'>actively exploring new fields was False in Aug 2013</LI></UL><BR><P>','Will ExxonMobil be actively exploring new fields in Aug 2014?','',0),(135,'FEATURE','Will ExxonMobil will find new oil well','Please assume the follow statements are true when answering this question:<UL class=\'contextlist\'><LI class=\'contextitem\'>OPEC lowers production limits</LI><LI class=\'contextitem\'>federal laws subsidize US based natural gas companies</LI><LI class=\'contextitem\'>will find new oil well was 0.303 in Aug 2013</LI></UL><BR><P>','What is the probability that ExxonMobil will find new oil well on Aug 2014?','',0),(136,'FEATURE','The amount of natural gas produced daily for Gazprom','Please assume the follow statements are true when answering this question:<UL class=\'contextlist\'><LI class=\'contextitem\'>OPEC lowers production limits</LI><LI class=\'contextitem\'>federal laws subsidize US based natural gas companies</LI><LI class=\'contextitem\'>amount of natural gas produced daily was 610 in Aug 2013</LI></UL><BR><P>','What will the amount of natural gas produced daily (in millions of BTUs per day) for Gazprom be on Aug 2014?','',0),(137,'FEATURE','Gazprom incorporating methane in gas mixture','Please assume the follow statements are true when answering this question:<UL class=\'contextlist\'><LI class=\'contextitem\'>OPEC lowers production limits</LI><LI class=\'contextitem\'>federal laws subsidize US based natural gas companies</LI><LI class=\'contextitem\'>incorporating methane in gas mixture was False in Aug 2013</LI></UL><BR><P>','Will Gazprom be incorporating methane in gas mixture in Aug 2014?','',0),(138,'FEATURE','Will Gazprom will be using fracking','Please assume the follow statements are true when answering this question:<UL class=\'contextlist\'><LI class=\'contextitem\'>OPEC lowers production limits</LI><LI class=\'contextitem\'>federal laws subsidize US based natural gas companies</LI><LI class=\'contextitem\'>will be using fracking was 0.924 in Aug 2013</LI></UL><BR><P>','What is the probability that Gazprom will be using fracking on Aug 2014?','',0),(139,'FEATURE','The amount of natural gas produced daily for Sonatrach','Please assume the follow statements are true when answering this question:<UL class=\'contextlist\'><LI class=\'contextitem\'>OPEC lowers production limits</LI><LI class=\'contextitem\'>federal laws subsidize US based natural gas companies</LI><LI class=\'contextitem\'>amount of natural gas produced daily was 100 in Aug 2013</LI></UL><BR><P>','What will the amount of natural gas produced daily (in millions of BTUs per day) for Sonatrach be on Aug 2014?','',0),(140,'FEATURE','Sonatrach incorporating methane in gas mixture','Please assume the follow statements are true when answering this question:<UL class=\'contextlist\'><LI class=\'contextitem\'>OPEC lowers production limits</LI><LI class=\'contextitem\'>federal laws subsidize US based natural gas companies</LI><LI class=\'contextitem\'>incorporating methane in gas mixture was False in Aug 2013</LI></UL><BR><P>','Will Sonatrach be incorporating methane in gas mixture in Aug 2014?','',0),(141,'FEATURE','Will Sonatrach will be using fracking','Please assume the follow statements are true when answering this question:<UL class=\'contextlist\'><LI class=\'contextitem\'>OPEC lowers production limits</LI><LI class=\'contextitem\'>federal laws subsidize US based natural gas companies</LI><LI class=\'contextitem\'>will be using fracking was 0.343 in Aug 2013</LI></UL><BR><P>','What is the probability that Sonatrach will be using fracking on Aug 2014?','',0),(142,'FEATURE','The customer base for AltaRock Energy','Please assume the follow statements are true when answering this question:<UL class=\'contextlist\'><LI class=\'contextitem\'>OPEC lowers production limits</LI><LI class=\'contextitem\'>federal laws subsidize US based natural gas companies</LI><LI class=\'contextitem\'>customer base was 380 in Aug 2013</LI></UL><BR><P>','What will the customer base (in number of homes) for AltaRock Energy be on Aug 2014?','',0),(143,'FEATURE','AltaRock Energy researching new technologies','Please assume the follow statements are true when answering this question:<UL class=\'contextlist\'><LI class=\'contextitem\'>OPEC lowers production limits</LI><LI class=\'contextitem\'>federal laws subsidize US based natural gas companies</LI><LI class=\'contextitem\'>researching new technologies was True in Aug 2013</LI></UL><BR><P>','Will AltaRock Energy be researching new technologies in Aug 2014?','',0),(144,'FEATURE','Will AltaRock Energy market adoption for domestic use','Please assume the follow statements are true when answering this question:<UL class=\'contextlist\'><LI class=\'contextitem\'>OPEC lowers production limits</LI><LI class=\'contextitem\'>federal laws subsidize US based natural gas companies</LI><LI class=\'contextitem\'>market adoption for domestic use was 0.446 in Aug 2013</LI></UL><BR><P>','What is the probability that AltaRock Energy market adoption for domestic use on Aug 2014?','',0),(145,'FEATURE','The customer base for BioFuelBox','Please assume the follow statements are true when answering this question:<UL class=\'contextlist\'><LI class=\'contextitem\'>OPEC lowers production limits</LI><LI class=\'contextitem\'>federal laws subsidize US based natural gas companies</LI><LI class=\'contextitem\'>customer base was 466 in Aug 2013</LI></UL><BR><P>','What will the customer base (in number of homes) for BioFuelBox be on Aug 2014?','',0),(146,'FEATURE','BioFuelBox researching new technologies','Please assume the follow statements are true when answering this question:<UL class=\'contextlist\'><LI class=\'contextitem\'>OPEC lowers production limits</LI><LI class=\'contextitem\'>federal laws subsidize US based natural gas companies</LI><LI class=\'contextitem\'>researching new technologies was False in Aug 2013</LI></UL><BR><P>','Will BioFuelBox be researching new technologies in Aug 2014?','',0),(147,'FEATURE','Will BioFuelBox market adoption for domestic use','Please assume the follow statements are true when answering this question:<UL class=\'contextlist\'><LI class=\'contextitem\'>OPEC lowers production limits</LI><LI class=\'contextitem\'>federal laws subsidize US based natural gas companies</LI><LI class=\'contextitem\'>market adoption for domestic use was 0.968 in Aug 2013</LI></UL><BR><P>','What is the probability that BioFuelBox market adoption for domestic use on Aug 2014?','',0),(148,'FEATURE','The barrels produced daily for Saudi Aramco','Please assume the follow statements are true when answering this question:<UL class=\'contextlist\'><LI class=\'contextitem\'>OPEC lowers production limits</LI><LI class=\'contextitem\'>federal laws force US based natural gas companies to compete unaided with forgein energy</LI><LI class=\'contextitem\'>barrels produced daily was 568 in Aug 2013</LI></UL><BR><P>','What will the barrels produced daily (in barrels of oil) for Saudi Aramco be on Aug 2014?','',0),(149,'FEATURE','Saudi Aramco actively exploring new fields','Please assume the follow statements are true when answering this question:<UL class=\'contextlist\'><LI class=\'contextitem\'>OPEC lowers production limits</LI><LI class=\'contextitem\'>federal laws force US based natural gas companies to compete unaided with forgein energy</LI><LI class=\'contextitem\'>actively exploring new fields was True in Aug 2013</LI></UL><BR><P>','Will Saudi Aramco be actively exploring new fields in Aug 2014?','',0),(150,'FEATURE','Will Saudi Aramco will find new oil well','Please assume the follow statements are true when answering this question:<UL class=\'contextlist\'><LI class=\'contextitem\'>OPEC lowers production limits</LI><LI class=\'contextitem\'>federal laws force US based natural gas companies to compete unaided with forgein energy</LI><LI class=\'contextitem\'>will find new oil well was 0.564 in Aug 2013</LI></UL><BR><P>','What is the probability that Saudi Aramco will find new oil well on Aug 2014?','',0),(151,'FEATURE','The barrels produced daily for National Iranian Oil','Please assume the follow statements are true when answering this question:<UL class=\'contextlist\'><LI class=\'contextitem\'>OPEC lowers production limits</LI><LI class=\'contextitem\'>federal laws force US based natural gas companies to compete unaided with forgein energy</LI><LI class=\'contextitem\'>barrels produced daily was 82 in Aug 2013</LI></UL><BR><P>','What will the barrels produced daily (in barrels of oil) for National Iranian Oil be on Aug 2014?','',0),(152,'FEATURE','National Iranian Oil actively exploring new fields','Please assume the follow statements are true when answering this question:<UL class=\'contextlist\'><LI class=\'contextitem\'>OPEC lowers production limits</LI><LI class=\'contextitem\'>federal laws force US based natural gas companies to compete unaided with forgein energy</LI><LI class=\'contextitem\'>actively exploring new fields was True in Aug 2013</LI></UL><BR><P>','Will National Iranian Oil be actively exploring new fields in Aug 2014?','',0),(153,'FEATURE','Will National Iranian Oil will find new oil well','Please assume the follow statements are true when answering this question:<UL class=\'contextlist\'><LI class=\'contextitem\'>OPEC lowers production limits</LI><LI class=\'contextitem\'>federal laws force US based natural gas companies to compete unaided with forgein energy</LI><LI class=\'contextitem\'>will find new oil well was 0.710 in Aug 2013</LI></UL><BR><P>','What is the probability that National Iranian Oil will find new oil well on Aug 2014?','',0),(154,'FEATURE','The barrels produced daily for ExxonMobil','Please assume the follow statements are true when answering this question:<UL class=\'contextlist\'><LI class=\'contextitem\'>OPEC lowers production limits</LI><LI class=\'contextitem\'>federal laws force US based natural gas companies to compete unaided with forgein energy</LI><LI class=\'contextitem\'>barrels produced daily was 789 in Aug 2013</LI></UL><BR><P>','What will the barrels produced daily (in barrels of oil) for ExxonMobil be on Aug 2014?','',0),(155,'FEATURE','ExxonMobil actively exploring new fields','Please assume the follow statements are true when answering this question:<UL class=\'contextlist\'><LI class=\'contextitem\'>OPEC lowers production limits</LI><LI class=\'contextitem\'>federal laws force US based natural gas companies to compete unaided with forgein energy</LI><LI class=\'contextitem\'>actively exploring new fields was False in Aug 2013</LI></UL><BR><P>','Will ExxonMobil be actively exploring new fields in Aug 2014?','',0),(156,'FEATURE','Will ExxonMobil will find new oil well','Please assume the follow statements are true when answering this question:<UL class=\'contextlist\'><LI class=\'contextitem\'>OPEC lowers production limits</LI><LI class=\'contextitem\'>federal laws force US based natural gas companies to compete unaided with forgein energy</LI><LI class=\'contextitem\'>will find new oil well was 0.303 in Aug 2013</LI></UL><BR><P>','What is the probability that ExxonMobil will find new oil well on Aug 2014?','',0),(157,'FEATURE','The amount of natural gas produced daily for Gazprom','Please assume the follow statements are true when answering this question:<UL class=\'contextlist\'><LI class=\'contextitem\'>OPEC lowers production limits</LI><LI class=\'contextitem\'>federal laws force US based natural gas companies to compete unaided with forgein energy</LI><LI class=\'contextitem\'>amount of natural gas produced daily was 610 in Aug 2013</LI></UL><BR><P>','What will the amount of natural gas produced daily (in millions of BTUs per day) for Gazprom be on Aug 2014?','',0),(158,'FEATURE','Gazprom incorporating methane in gas mixture','Please assume the follow statements are true when answering this question:<UL class=\'contextlist\'><LI class=\'contextitem\'>OPEC lowers production limits</LI><LI class=\'contextitem\'>federal laws force US based natural gas companies to compete unaided with forgein energy</LI><LI class=\'contextitem\'>incorporating methane in gas mixture was False in Aug 2013</LI></UL><BR><P>','Will Gazprom be incorporating methane in gas mixture in Aug 2014?','',0),(159,'FEATURE','Will Gazprom will be using fracking','Please assume the follow statements are true when answering this question:<UL class=\'contextlist\'><LI class=\'contextitem\'>OPEC lowers production limits</LI><LI class=\'contextitem\'>federal laws force US based natural gas companies to compete unaided with forgein energy</LI><LI class=\'contextitem\'>will be using fracking was 0.924 in Aug 2013</LI></UL><BR><P>','What is the probability that Gazprom will be using fracking on Aug 2014?','',0),(160,'FEATURE','The amount of natural gas produced daily for Sonatrach','Please assume the follow statements are true when answering this question:<UL class=\'contextlist\'><LI class=\'contextitem\'>OPEC lowers production limits</LI><LI class=\'contextitem\'>federal laws force US based natural gas companies to compete unaided with forgein energy</LI><LI class=\'contextitem\'>amount of natural gas produced daily was 100 in Aug 2013</LI></UL><BR><P>','What will the amount of natural gas produced daily (in millions of BTUs per day) for Sonatrach be on Aug 2014?','',0),(161,'FEATURE','Sonatrach incorporating methane in gas mixture','Please assume the follow statements are true when answering this question:<UL class=\'contextlist\'><LI class=\'contextitem\'>OPEC lowers production limits</LI><LI class=\'contextitem\'>federal laws force US based natural gas companies to compete unaided with forgein energy</LI><LI class=\'contextitem\'>incorporating methane in gas mixture was False in Aug 2013</LI></UL><BR><P>','Will Sonatrach be incorporating methane in gas mixture in Aug 2014?','',0),(162,'FEATURE','Will Sonatrach will be using fracking','Please assume the follow statements are true when answering this question:<UL class=\'contextlist\'><LI class=\'contextitem\'>OPEC lowers production limits</LI><LI class=\'contextitem\'>federal laws force US based natural gas companies to compete unaided with forgein energy</LI><LI class=\'contextitem\'>will be using fracking was 0.343 in Aug 2013</LI></UL><BR><P>','What is the probability that Sonatrach will be using fracking on Aug 2014?','',0),(163,'FEATURE','The customer base for AltaRock Energy','Please assume the follow statements are true when answering this question:<UL class=\'contextlist\'><LI class=\'contextitem\'>OPEC lowers production limits</LI><LI class=\'contextitem\'>federal laws force US based natural gas companies to compete unaided with forgein energy</LI><LI class=\'contextitem\'>customer base was 380 in Aug 2013</LI></UL><BR><P>','What will the customer base (in number of homes) for AltaRock Energy be on Aug 2014?','',0),(164,'FEATURE','AltaRock Energy researching new technologies','Please assume the follow statements are true when answering this question:<UL class=\'contextlist\'><LI class=\'contextitem\'>OPEC lowers production limits</LI><LI class=\'contextitem\'>federal laws force US based natural gas companies to compete unaided with forgein energy</LI><LI class=\'contextitem\'>researching new technologies was True in Aug 2013</LI></UL><BR><P>','Will AltaRock Energy be researching new technologies in Aug 2014?','',0),(165,'FEATURE','Will AltaRock Energy market adoption for domestic use','Please assume the follow statements are true when answering this question:<UL class=\'contextlist\'><LI class=\'contextitem\'>OPEC lowers production limits</LI><LI class=\'contextitem\'>federal laws force US based natural gas companies to compete unaided with forgein energy</LI><LI class=\'contextitem\'>market adoption for domestic use was 0.446 in Aug 2013</LI></UL><BR><P>','What is the probability that AltaRock Energy market adoption for domestic use on Aug 2014?','',0),(166,'FEATURE','The customer base for BioFuelBox','Please assume the follow statements are true when answering this question:<UL class=\'contextlist\'><LI class=\'contextitem\'>OPEC lowers production limits</LI><LI class=\'contextitem\'>federal laws force US based natural gas companies to compete unaided with forgein energy</LI><LI class=\'contextitem\'>customer base was 466 in Aug 2013</LI></UL><BR><P>','What will the customer base (in number of homes) for BioFuelBox be on Aug 2014?','',0),(167,'FEATURE','BioFuelBox researching new technologies','Please assume the follow statements are true when answering this question:<UL class=\'contextlist\'><LI class=\'contextitem\'>OPEC lowers production limits</LI><LI class=\'contextitem\'>federal laws force US based natural gas companies to compete unaided with forgein energy</LI><LI class=\'contextitem\'>researching new technologies was False in Aug 2013</LI></UL><BR><P>','Will BioFuelBox be researching new technologies in Aug 2014?','',0),(168,'FEATURE','Will BioFuelBox market adoption for domestic use','Please assume the follow statements are true when answering this question:<UL class=\'contextlist\'><LI class=\'contextitem\'>OPEC lowers production limits</LI><LI class=\'contextitem\'>federal laws force US based natural gas companies to compete unaided with forgein energy</LI><LI class=\'contextitem\'>market adoption for domestic use was 0.968 in Aug 2013</LI></UL><BR><P>','What is the probability that BioFuelBox market adoption for domestic use on Aug 2014?','',0),(169,'FEATURE','The barrels produced daily for Saudi Aramco','Please assume the follow statements are true when answering this question:<UL class=\'contextlist\'><LI class=\'contextitem\'>OPEC maintains production limits</LI><LI class=\'contextitem\'>barrels produced daily was 261 in Aug 2014</LI></UL><BR><P>','What will the barrels produced daily (in barrels of oil) for Saudi Aramco be on Aug 2015?','',0),(170,'FEATURE','Saudi Aramco actively exploring new fields','Please assume the follow statements are true when answering this question:<UL class=\'contextlist\'><LI class=\'contextitem\'>OPEC maintains production limits</LI><LI class=\'contextitem\'>actively exploring new fields was True in Aug 2014</LI></UL><BR><P>','Will Saudi Aramco be actively exploring new fields in Aug 2015?','',0),(171,'FEATURE','Will Saudi Aramco will find new oil well','Please assume the follow statements are true when answering this question:<UL class=\'contextlist\'><LI class=\'contextitem\'>OPEC maintains production limits</LI><LI class=\'contextitem\'>will find new oil well was 0.470 in Aug 2014</LI></UL><BR><P>','What is the probability that Saudi Aramco will find new oil well on Aug 2015?','',0),(172,'FEATURE','The barrels produced daily for National Iranian Oil','Please assume the follow statements are true when answering this question:<UL class=\'contextlist\'><LI class=\'contextitem\'>OPEC maintains production limits</LI><LI class=\'contextitem\'>barrels produced daily was 922 in Aug 2014</LI></UL><BR><P>','What will the barrels produced daily (in barrels of oil) for National Iranian Oil be on Aug 2015?','',0),(173,'FEATURE','National Iranian Oil actively exploring new fields','Please assume the follow statements are true when answering this question:<UL class=\'contextlist\'><LI class=\'contextitem\'>OPEC maintains production limits</LI><LI class=\'contextitem\'>actively exploring new fields was False in Aug 2014</LI></UL><BR><P>','Will National Iranian Oil be actively exploring new fields in Aug 2015?','',0),(174,'FEATURE','Will National Iranian Oil will find new oil well','Please assume the follow statements are true when answering this question:<UL class=\'contextlist\'><LI class=\'contextitem\'>OPEC maintains production limits</LI><LI class=\'contextitem\'>will find new oil well was 0.141 in Aug 2014</LI></UL><BR><P>','What is the probability that National Iranian Oil will find new oil well on Aug 2015?','',0),(175,'FEATURE','The barrels produced daily for ExxonMobil','Please assume the follow statements are true when answering this question:<UL class=\'contextlist\'><LI class=\'contextitem\'>OPEC maintains production limits</LI><LI class=\'contextitem\'>barrels produced daily was 783 in Aug 2014</LI></UL><BR><P>','What will the barrels produced daily (in barrels of oil) for ExxonMobil be on Aug 2015?','',0),(176,'FEATURE','ExxonMobil actively exploring new fields','Please assume the follow statements are true when answering this question:<UL class=\'contextlist\'><LI class=\'contextitem\'>OPEC maintains production limits</LI><LI class=\'contextitem\'>actively exploring new fields was False in Aug 2014</LI></UL><BR><P>','Will ExxonMobil be actively exploring new fields in Aug 2015?','',0),(177,'FEATURE','Will ExxonMobil will find new oil well','Please assume the follow statements are true when answering this question:<UL class=\'contextlist\'><LI class=\'contextitem\'>OPEC maintains production limits</LI><LI class=\'contextitem\'>will find new oil well was 0.366 in Aug 2014</LI></UL><BR><P>','What is the probability that ExxonMobil will find new oil well on Aug 2015?','',0),(178,'FEATURE','The amount of natural gas produced daily for Gazprom','Please assume the follow statements are true when answering this question:<UL class=\'contextlist\'><LI class=\'contextitem\'>OPEC maintains production limits</LI><LI class=\'contextitem\'>amount of natural gas produced daily was 233 in Aug 2014</LI></UL><BR><P>','What will the amount of natural gas produced daily (in millions of BTUs per day) for Gazprom be on Aug 2015?','',0),(179,'FEATURE','Gazprom incorporating methane in gas mixture','Please assume the follow statements are true when answering this question:<UL class=\'contextlist\'><LI class=\'contextitem\'>OPEC maintains production limits</LI><LI class=\'contextitem\'>incorporating methane in gas mixture was False in Aug 2014</LI></UL><BR><P>','Will Gazprom be incorporating methane in gas mixture in Aug 2015?','',0),(180,'FEATURE','Will Gazprom will be using fracking','Please assume the follow statements are true when answering this question:<UL class=\'contextlist\'><LI class=\'contextitem\'>OPEC maintains production limits</LI><LI class=\'contextitem\'>will be using fracking was 0.281 in Aug 2014</LI></UL><BR><P>','What is the probability that Gazprom will be using fracking on Aug 2015?','',0),(181,'FEATURE','The amount of natural gas produced daily for Sonatrach','Please assume the follow statements are true when answering this question:<UL class=\'contextlist\'><LI class=\'contextitem\'>OPEC maintains production limits</LI><LI class=\'contextitem\'>amount of natural gas produced daily was 943 in Aug 2014</LI></UL><BR><P>','What will the amount of natural gas produced daily (in millions of BTUs per day) for Sonatrach be on Aug 2015?','',0),(182,'FEATURE','Sonatrach incorporating methane in gas mixture','Please assume the follow statements are true when answering this question:<UL class=\'contextlist\'><LI class=\'contextitem\'>OPEC maintains production limits</LI><LI class=\'contextitem\'>incorporating methane in gas mixture was False in Aug 2014</LI></UL><BR><P>','Will Sonatrach be incorporating methane in gas mixture in Aug 2015?','',0),(183,'FEATURE','Will Sonatrach will be using fracking','Please assume the follow statements are true when answering this question:<UL class=\'contextlist\'><LI class=\'contextitem\'>OPEC maintains production limits</LI><LI class=\'contextitem\'>will be using fracking was 0.783 in Aug 2014</LI></UL><BR><P>','What is the probability that Sonatrach will be using fracking on Aug 2015?','',0),(184,'FEATURE','The customer base for AltaRock Energy','Please assume the follow statements are true when answering this question:<UL class=\'contextlist\'><LI class=\'contextitem\'>OPEC maintains production limits</LI><LI class=\'contextitem\'>customer base was 393 in Aug 2014</LI></UL><BR><P>','What will the customer base (in number of homes) for AltaRock Energy be on Aug 2015?','',0),(185,'FEATURE','AltaRock Energy researching new technologies','Please assume the follow statements are true when answering this question:<UL class=\'contextlist\'><LI class=\'contextitem\'>OPEC maintains production limits</LI><LI class=\'contextitem\'>researching new technologies was True in Aug 2014</LI></UL><BR><P>','Will AltaRock Energy be researching new technologies in Aug 2015?','',0),(186,'FEATURE','Will AltaRock Energy market adoption for domestic use','Please assume the follow statements are true when answering this question:<UL class=\'contextlist\'><LI class=\'contextitem\'>OPEC maintains production limits</LI><LI class=\'contextitem\'>market adoption for domestic use was 0.806 in Aug 2014</LI></UL><BR><P>','What is the probability that AltaRock Energy market adoption for domestic use on Aug 2015?','',0),(187,'FEATURE','The customer base for BioFuelBox','Please assume the follow statements are true when answering this question:<UL class=\'contextlist\'><LI class=\'contextitem\'>OPEC maintains production limits</LI><LI class=\'contextitem\'>customer base was 627 in Aug 2014</LI></UL><BR><P>','What will the customer base (in number of homes) for BioFuelBox be on Aug 2015?','',0),(188,'FEATURE','BioFuelBox researching new technologies','Please assume the follow statements are true when answering this question:<UL class=\'contextlist\'><LI class=\'contextitem\'>OPEC maintains production limits</LI><LI class=\'contextitem\'>researching new technologies was False in Aug 2014</LI></UL><BR><P>','Will BioFuelBox be researching new technologies in Aug 2015?','',0),(189,'FEATURE','Will BioFuelBox market adoption for domestic use','Please assume the follow statements are true when answering this question:<UL class=\'contextlist\'><LI class=\'contextitem\'>OPEC maintains production limits</LI><LI class=\'contextitem\'>market adoption for domestic use was 0.594 in Aug 2014</LI></UL><BR><P>','What is the probability that BioFuelBox market adoption for domestic use on Aug 2015?','',0),(190,'FEATURE','The barrels produced daily for Saudi Aramco','Please assume the follow statements are true when answering this question:<UL class=\'contextlist\'><LI class=\'contextitem\'>OPEC lowers production limits</LI><LI class=\'contextitem\'>federal laws subsidize US based natural gas companies</LI><LI class=\'contextitem\'>No oil spill taints public option</LI><LI class=\'contextitem\'>barrels produced daily was 522 in Aug 2014</LI></UL><BR><P>','What will the barrels produced daily (in barrels of oil) for Saudi Aramco be on Aug 2015?','',0),(191,'FEATURE','Saudi Aramco actively exploring new fields','Please assume the follow statements are true when answering this question:<UL class=\'contextlist\'><LI class=\'contextitem\'>OPEC lowers production limits</LI><LI class=\'contextitem\'>federal laws subsidize US based natural gas companies</LI><LI class=\'contextitem\'>No oil spill taints public option</LI><LI class=\'contextitem\'>actively exploring new fields was True in Aug 2014</LI></UL><BR><P>','Will Saudi Aramco be actively exploring new fields in Aug 2015?','',0),(192,'FEATURE','Will Saudi Aramco will find new oil well','Please assume the follow statements are true when answering this question:<UL class=\'contextlist\'><LI class=\'contextitem\'>OPEC lowers production limits</LI><LI class=\'contextitem\'>federal laws subsidize US based natural gas companies</LI><LI class=\'contextitem\'>No oil spill taints public option</LI><LI class=\'contextitem\'>will find new oil well was 0.800 in Aug 2014</LI></UL><BR><P>','What is the probability that Saudi Aramco will find new oil well on Aug 2015?','',0),(193,'FEATURE','The barrels produced daily for National Iranian Oil','Please assume the follow statements are true when answering this question:<UL class=\'contextlist\'><LI class=\'contextitem\'>OPEC lowers production limits</LI><LI class=\'contextitem\'>federal laws subsidize US based natural gas companies</LI><LI class=\'contextitem\'>No oil spill taints public option</LI><LI class=\'contextitem\'>barrels produced daily was 600 in Aug 2014</LI></UL><BR><P>','What will the barrels produced daily (in barrels of oil) for National Iranian Oil be on Aug 2015?','',0),(194,'FEATURE','National Iranian Oil actively exploring new fields','Please assume the follow statements are true when answering this question:<UL class=\'contextlist\'><LI class=\'contextitem\'>OPEC lowers production limits</LI><LI class=\'contextitem\'>federal laws subsidize US based natural gas companies</LI><LI class=\'contextitem\'>No oil spill taints public option</LI><LI class=\'contextitem\'>actively exploring new fields was True in Aug 2014</LI></UL><BR><P>','Will National Iranian Oil be actively exploring new fields in Aug 2015?','',0),(195,'FEATURE','Will National Iranian Oil will find new oil well','Please assume the follow statements are true when answering this question:<UL class=\'contextlist\'><LI class=\'contextitem\'>OPEC lowers production limits</LI><LI class=\'contextitem\'>federal laws subsidize US based natural gas companies</LI><LI class=\'contextitem\'>No oil spill taints public option</LI><LI class=\'contextitem\'>will find new oil well was 0.077 in Aug 2014</LI></UL><BR><P>','What is the probability that National Iranian Oil will find new oil well on Aug 2015?','',0),(196,'FEATURE','The barrels produced daily for ExxonMobil','Please assume the follow statements are true when answering this question:<UL class=\'contextlist\'><LI class=\'contextitem\'>OPEC lowers production limits</LI><LI class=\'contextitem\'>federal laws subsidize US based natural gas companies</LI><LI class=\'contextitem\'>No oil spill taints public option</LI><LI class=\'contextitem\'>barrels produced daily was 388 in Aug 2014</LI></UL><BR><P>','What will the barrels produced daily (in barrels of oil) for ExxonMobil be on Aug 2015?','',0),(197,'FEATURE','ExxonMobil actively exploring new fields','Please assume the follow statements are true when answering this question:<UL class=\'contextlist\'><LI class=\'contextitem\'>OPEC lowers production limits</LI><LI class=\'contextitem\'>federal laws subsidize US based natural gas companies</LI><LI class=\'contextitem\'>No oil spill taints public option</LI><LI class=\'contextitem\'>actively exploring new fields was True in Aug 2014</LI></UL><BR><P>','Will ExxonMobil be actively exploring new fields in Aug 2015?','',0),(198,'FEATURE','Will ExxonMobil will find new oil well','Please assume the follow statements are true when answering this question:<UL class=\'contextlist\'><LI class=\'contextitem\'>OPEC lowers production limits</LI><LI class=\'contextitem\'>federal laws subsidize US based natural gas companies</LI><LI class=\'contextitem\'>No oil spill taints public option</LI><LI class=\'contextitem\'>will find new oil well was 0.713 in Aug 2014</LI></UL><BR><P>','What is the probability that ExxonMobil will find new oil well on Aug 2015?','',0),(199,'FEATURE','The amount of natural gas produced daily for Gazprom','Please assume the follow statements are true when answering this question:<UL class=\'contextlist\'><LI class=\'contextitem\'>OPEC lowers production limits</LI><LI class=\'contextitem\'>federal laws subsidize US based natural gas companies</LI><LI class=\'contextitem\'>No oil spill taints public option</LI><LI class=\'contextitem\'>amount of natural gas produced daily was 634 in Aug 2014</LI></UL><BR><P>','What will the amount of natural gas produced daily (in millions of BTUs per day) for Gazprom be on Aug 2015?','',0),(200,'FEATURE','Gazprom incorporating methane in gas mixture','Please assume the follow statements are true when answering this question:<UL class=\'contextlist\'><LI class=\'contextitem\'>OPEC lowers production limits</LI><LI class=\'contextitem\'>federal laws subsidize US based natural gas companies</LI><LI class=\'contextitem\'>No oil spill taints public option</LI><LI class=\'contextitem\'>incorporating methane in gas mixture was True in Aug 2014</LI></UL><BR><P>','Will Gazprom be incorporating methane in gas mixture in Aug 2015?','',0),(201,'FEATURE','Will Gazprom will be using fracking','Please assume the follow statements are true when answering this question:<UL class=\'contextlist\'><LI class=\'contextitem\'>OPEC lowers production limits</LI><LI class=\'contextitem\'>federal laws subsidize US based natural gas companies</LI><LI class=\'contextitem\'>No oil spill taints public option</LI><LI class=\'contextitem\'>will be using fracking was 0.128 in Aug 2014</LI></UL><BR><P>','What is the probability that Gazprom will be using fracking on Aug 2015?','',0),(202,'FEATURE','The amount of natural gas produced daily for Sonatrach','Please assume the follow statements are true when answering this question:<UL class=\'contextlist\'><LI class=\'contextitem\'>OPEC lowers production limits</LI><LI class=\'contextitem\'>federal laws subsidize US based natural gas companies</LI><LI class=\'contextitem\'>No oil spill taints public option</LI><LI class=\'contextitem\'>amount of natural gas produced daily was 20 in Aug 2014</LI></UL><BR><P>','What will the amount of natural gas produced daily (in millions of BTUs per day) for Sonatrach be on Aug 2015?','',0),(203,'FEATURE','Sonatrach incorporating methane in gas mixture','Please assume the follow statements are true when answering this question:<UL class=\'contextlist\'><LI class=\'contextitem\'>OPEC lowers production limits</LI><LI class=\'contextitem\'>federal laws subsidize US based natural gas companies</LI><LI class=\'contextitem\'>No oil spill taints public option</LI><LI class=\'contextitem\'>incorporating methane in gas mixture was False in Aug 2014</LI></UL><BR><P>','Will Sonatrach be incorporating methane in gas mixture in Aug 2015?','',0),(204,'FEATURE','Will Sonatrach will be using fracking','Please assume the follow statements are true when answering this question:<UL class=\'contextlist\'><LI class=\'contextitem\'>OPEC lowers production limits</LI><LI class=\'contextitem\'>federal laws subsidize US based natural gas companies</LI><LI class=\'contextitem\'>No oil spill taints public option</LI><LI class=\'contextitem\'>will be using fracking was 0.422 in Aug 2014</LI></UL><BR><P>','What is the probability that Sonatrach will be using fracking on Aug 2015?','',0),(205,'FEATURE','The customer base for AltaRock Energy','Please assume the follow statements are true when answering this question:<UL class=\'contextlist\'><LI class=\'contextitem\'>OPEC lowers production limits</LI><LI class=\'contextitem\'>federal laws subsidize US based natural gas companies</LI><LI class=\'contextitem\'>No oil spill taints public option</LI><LI class=\'contextitem\'>customer base was 152 in Aug 2014</LI></UL><BR><P>','What will the customer base (in number of homes) for AltaRock Energy be on Aug 2015?','',0),(206,'FEATURE','AltaRock Energy researching new technologies','Please assume the follow statements are true when answering this question:<UL class=\'contextlist\'><LI class=\'contextitem\'>OPEC lowers production limits</LI><LI class=\'contextitem\'>federal laws subsidize US based natural gas companies</LI><LI class=\'contextitem\'>No oil spill taints public option</LI><LI class=\'contextitem\'>researching new technologies was False in Aug 2014</LI></UL><BR><P>','Will AltaRock Energy be researching new technologies in Aug 2015?','',0),(207,'FEATURE','Will AltaRock Energy market adoption for domestic use','Please assume the follow statements are true when answering this question:<UL class=\'contextlist\'><LI class=\'contextitem\'>OPEC lowers production limits</LI><LI class=\'contextitem\'>federal laws subsidize US based natural gas companies</LI><LI class=\'contextitem\'>No oil spill taints public option</LI><LI class=\'contextitem\'>market adoption for domestic use was 0.003 in Aug 2014</LI></UL><BR><P>','What is the probability that AltaRock Energy market adoption for domestic use on Aug 2015?','',0),(208,'FEATURE','The customer base for BioFuelBox','Please assume the follow statements are true when answering this question:<UL class=\'contextlist\'><LI class=\'contextitem\'>OPEC lowers production limits</LI><LI class=\'contextitem\'>federal laws subsidize US based natural gas companies</LI><LI class=\'contextitem\'>No oil spill taints public option</LI><LI class=\'contextitem\'>customer base was 953 in Aug 2014</LI></UL><BR><P>','What will the customer base (in number of homes) for BioFuelBox be on Aug 2015?','',0),(209,'FEATURE','BioFuelBox researching new technologies','Please assume the follow statements are true when answering this question:<UL class=\'contextlist\'><LI class=\'contextitem\'>OPEC lowers production limits</LI><LI class=\'contextitem\'>federal laws subsidize US based natural gas companies</LI><LI class=\'contextitem\'>No oil spill taints public option</LI><LI class=\'contextitem\'>researching new technologies was False in Aug 2014</LI></UL><BR><P>','Will BioFuelBox be researching new technologies in Aug 2015?','',0),(210,'FEATURE','Will BioFuelBox market adoption for domestic use','Please assume the follow statements are true when answering this question:<UL class=\'contextlist\'><LI class=\'contextitem\'>OPEC lowers production limits</LI><LI class=\'contextitem\'>federal laws subsidize US based natural gas companies</LI><LI class=\'contextitem\'>No oil spill taints public option</LI><LI class=\'contextitem\'>market adoption for domestic use was 0.387 in Aug 2014</LI></UL><BR><P>','What is the probability that BioFuelBox market adoption for domestic use on Aug 2015?','',0),(211,'FEATURE','The barrels produced daily for Saudi Aramco','Please assume the follow statements are true when answering this question:<UL class=\'contextlist\'><LI class=\'contextitem\'>OPEC lowers production limits</LI><LI class=\'contextitem\'>federal laws subsidize US based natural gas companies</LI><LI class=\'contextitem\'>A large poorly handled oil spill taints public opinion</LI><LI class=\'contextitem\'>barrels produced daily was 522 in Aug 2014</LI></UL><BR><P>','What will the barrels produced daily (in barrels of oil) for Saudi Aramco be on Aug 2015?','',0),(212,'FEATURE','Saudi Aramco actively exploring new fields','Please assume the follow statements are true when answering this question:<UL class=\'contextlist\'><LI class=\'contextitem\'>OPEC lowers production limits</LI><LI class=\'contextitem\'>federal laws subsidize US based natural gas companies</LI><LI class=\'contextitem\'>A large poorly handled oil spill taints public opinion</LI><LI class=\'contextitem\'>actively exploring new fields was True in Aug 2014</LI></UL><BR><P>','Will Saudi Aramco be actively exploring new fields in Aug 2015?','',0),(213,'FEATURE','Will Saudi Aramco will find new oil well','Please assume the follow statements are true when answering this question:<UL class=\'contextlist\'><LI class=\'contextitem\'>OPEC lowers production limits</LI><LI class=\'contextitem\'>federal laws subsidize US based natural gas companies</LI><LI class=\'contextitem\'>A large poorly handled oil spill taints public opinion</LI><LI class=\'contextitem\'>will find new oil well was 0.800 in Aug 2014</LI></UL><BR><P>','What is the probability that Saudi Aramco will find new oil well on Aug 2015?','',0),(214,'FEATURE','The barrels produced daily for National Iranian Oil','Please assume the follow statements are true when answering this question:<UL class=\'contextlist\'><LI class=\'contextitem\'>OPEC lowers production limits</LI><LI class=\'contextitem\'>federal laws subsidize US based natural gas companies</LI><LI class=\'contextitem\'>A large poorly handled oil spill taints public opinion</LI><LI class=\'contextitem\'>barrels produced daily was 600 in Aug 2014</LI></UL><BR><P>','What will the barrels produced daily (in barrels of oil) for National Iranian Oil be on Aug 2015?','',0),(215,'FEATURE','National Iranian Oil actively exploring new fields','Please assume the follow statements are true when answering this question:<UL class=\'contextlist\'><LI class=\'contextitem\'>OPEC lowers production limits</LI><LI class=\'contextitem\'>federal laws subsidize US based natural gas companies</LI><LI class=\'contextitem\'>A large poorly handled oil spill taints public opinion</LI><LI class=\'contextitem\'>actively exploring new fields was True in Aug 2014</LI></UL><BR><P>','Will National Iranian Oil be actively exploring new fields in Aug 2015?','',0),(216,'FEATURE','Will National Iranian Oil will find new oil well','Please assume the follow statements are true when answering this question:<UL class=\'contextlist\'><LI class=\'contextitem\'>OPEC lowers production limits</LI><LI class=\'contextitem\'>federal laws subsidize US based natural gas companies</LI><LI class=\'contextitem\'>A large poorly handled oil spill taints public opinion</LI><LI class=\'contextitem\'>will find new oil well was 0.077 in Aug 2014</LI></UL><BR><P>','What is the probability that National Iranian Oil will find new oil well on Aug 2015?','',0),(217,'FEATURE','The barrels produced daily for ExxonMobil','Please assume the follow statements are true when answering this question:<UL class=\'contextlist\'><LI class=\'contextitem\'>OPEC lowers production limits</LI><LI class=\'contextitem\'>federal laws subsidize US based natural gas companies</LI><LI class=\'contextitem\'>A large poorly handled oil spill taints public opinion</LI><LI class=\'contextitem\'>barrels produced daily was 388 in Aug 2014</LI></UL><BR><P>','What will the barrels produced daily (in barrels of oil) for ExxonMobil be on Aug 2015?','',0),(218,'FEATURE','ExxonMobil actively exploring new fields','Please assume the follow statements are true when answering this question:<UL class=\'contextlist\'><LI class=\'contextitem\'>OPEC lowers production limits</LI><LI class=\'contextitem\'>federal laws subsidize US based natural gas companies</LI><LI class=\'contextitem\'>A large poorly handled oil spill taints public opinion</LI><LI class=\'contextitem\'>actively exploring new fields was True in Aug 2014</LI></UL><BR><P>','Will ExxonMobil be actively exploring new fields in Aug 2015?','',0),(219,'FEATURE','Will ExxonMobil will find new oil well','Please assume the follow statements are true when answering this question:<UL class=\'contextlist\'><LI class=\'contextitem\'>OPEC lowers production limits</LI><LI class=\'contextitem\'>federal laws subsidize US based natural gas companies</LI><LI class=\'contextitem\'>A large poorly handled oil spill taints public opinion</LI><LI class=\'contextitem\'>will find new oil well was 0.713 in Aug 2014</LI></UL><BR><P>','What is the probability that ExxonMobil will find new oil well on Aug 2015?','',0),(220,'FEATURE','The amount of natural gas produced daily for Gazprom','Please assume the follow statements are true when answering this question:<UL class=\'contextlist\'><LI class=\'contextitem\'>OPEC lowers production limits</LI><LI class=\'contextitem\'>federal laws subsidize US based natural gas companies</LI><LI class=\'contextitem\'>A large poorly handled oil spill taints public opinion</LI><LI class=\'contextitem\'>amount of natural gas produced daily was 634 in Aug 2014</LI></UL><BR><P>','What will the amount of natural gas produced daily (in millions of BTUs per day) for Gazprom be on Aug 2015?','',0),(221,'FEATURE','Gazprom incorporating methane in gas mixture','Please assume the follow statements are true when answering this question:<UL class=\'contextlist\'><LI class=\'contextitem\'>OPEC lowers production limits</LI><LI class=\'contextitem\'>federal laws subsidize US based natural gas companies</LI><LI class=\'contextitem\'>A large poorly handled oil spill taints public opinion</LI><LI class=\'contextitem\'>incorporating methane in gas mixture was True in Aug 2014</LI></UL><BR><P>','Will Gazprom be incorporating methane in gas mixture in Aug 2015?','',0),(222,'FEATURE','Will Gazprom will be using fracking','Please assume the follow statements are true when answering this question:<UL class=\'contextlist\'><LI class=\'contextitem\'>OPEC lowers production limits</LI><LI class=\'contextitem\'>federal laws subsidize US based natural gas companies</LI><LI class=\'contextitem\'>A large poorly handled oil spill taints public opinion</LI><LI class=\'contextitem\'>will be using fracking was 0.128 in Aug 2014</LI></UL><BR><P>','What is the probability that Gazprom will be using fracking on Aug 2015?','',0),(223,'FEATURE','The amount of natural gas produced daily for Sonatrach','Please assume the follow statements are true when answering this question:<UL class=\'contextlist\'><LI class=\'contextitem\'>OPEC lowers production limits</LI><LI class=\'contextitem\'>federal laws subsidize US based natural gas companies</LI><LI class=\'contextitem\'>A large poorly handled oil spill taints public opinion</LI><LI class=\'contextitem\'>amount of natural gas produced daily was 20 in Aug 2014</LI></UL><BR><P>','What will the amount of natural gas produced daily (in millions of BTUs per day) for Sonatrach be on Aug 2015?','',0),(224,'FEATURE','Sonatrach incorporating methane in gas mixture','Please assume the follow statements are true when answering this question:<UL class=\'contextlist\'><LI class=\'contextitem\'>OPEC lowers production limits</LI><LI class=\'contextitem\'>federal laws subsidize US based natural gas companies</LI><LI class=\'contextitem\'>A large poorly handled oil spill taints public opinion</LI><LI class=\'contextitem\'>incorporating methane in gas mixture was False in Aug 2014</LI></UL><BR><P>','Will Sonatrach be incorporating methane in gas mixture in Aug 2015?','',0),(225,'FEATURE','Will Sonatrach will be using fracking','Please assume the follow statements are true when answering this question:<UL class=\'contextlist\'><LI class=\'contextitem\'>OPEC lowers production limits</LI><LI class=\'contextitem\'>federal laws subsidize US based natural gas companies</LI><LI class=\'contextitem\'>A large poorly handled oil spill taints public opinion</LI><LI class=\'contextitem\'>will be using fracking was 0.422 in Aug 2014</LI></UL><BR><P>','What is the probability that Sonatrach will be using fracking on Aug 2015?','',0),(226,'FEATURE','The customer base for AltaRock Energy','Please assume the follow statements are true when answering this question:<UL class=\'contextlist\'><LI class=\'contextitem\'>OPEC lowers production limits</LI><LI class=\'contextitem\'>federal laws subsidize US based natural gas companies</LI><LI class=\'contextitem\'>A large poorly handled oil spill taints public opinion</LI><LI class=\'contextitem\'>customer base was 152 in Aug 2014</LI></UL><BR><P>','What will the customer base (in number of homes) for AltaRock Energy be on Aug 2015?','',0),(227,'FEATURE','AltaRock Energy researching new technologies','Please assume the follow statements are true when answering this question:<UL class=\'contextlist\'><LI class=\'contextitem\'>OPEC lowers production limits</LI><LI class=\'contextitem\'>federal laws subsidize US based natural gas companies</LI><LI class=\'contextitem\'>A large poorly handled oil spill taints public opinion</LI><LI class=\'contextitem\'>researching new technologies was False in Aug 2014</LI></UL><BR><P>','Will AltaRock Energy be researching new technologies in Aug 2015?','',0),(228,'FEATURE','Will AltaRock Energy market adoption for domestic use','Please assume the follow statements are true when answering this question:<UL class=\'contextlist\'><LI class=\'contextitem\'>OPEC lowers production limits</LI><LI class=\'contextitem\'>federal laws subsidize US based natural gas companies</LI><LI class=\'contextitem\'>A large poorly handled oil spill taints public opinion</LI><LI class=\'contextitem\'>market adoption for domestic use was 0.003 in Aug 2014</LI></UL><BR><P>','What is the probability that AltaRock Energy market adoption for domestic use on Aug 2015?','',0),(229,'FEATURE','The customer base for BioFuelBox','Please assume the follow statements are true when answering this question:<UL class=\'contextlist\'><LI class=\'contextitem\'>OPEC lowers production limits</LI><LI class=\'contextitem\'>federal laws subsidize US based natural gas companies</LI><LI class=\'contextitem\'>A large poorly handled oil spill taints public opinion</LI><LI class=\'contextitem\'>customer base was 953 in Aug 2014</LI></UL><BR><P>','What will the customer base (in number of homes) for BioFuelBox be on Aug 2015?','',0),(230,'FEATURE','BioFuelBox researching new technologies','Please assume the follow statements are true when answering this question:<UL class=\'contextlist\'><LI class=\'contextitem\'>OPEC lowers production limits</LI><LI class=\'contextitem\'>federal laws subsidize US based natural gas companies</LI><LI class=\'contextitem\'>A large poorly handled oil spill taints public opinion</LI><LI class=\'contextitem\'>researching new technologies was False in Aug 2014</LI></UL><BR><P>','Will BioFuelBox be researching new technologies in Aug 2015?','',0),(231,'FEATURE','Will BioFuelBox market adoption for domestic use','Please assume the follow statements are true when answering this question:<UL class=\'contextlist\'><LI class=\'contextitem\'>OPEC lowers production limits</LI><LI class=\'contextitem\'>federal laws subsidize US based natural gas companies</LI><LI class=\'contextitem\'>A large poorly handled oil spill taints public opinion</LI><LI class=\'contextitem\'>market adoption for domestic use was 0.387 in Aug 2014</LI></UL><BR><P>','What is the probability that BioFuelBox market adoption for domestic use on Aug 2015?','',0),(232,'FEATURE','The barrels produced daily for Saudi Aramco','Please assume the follow statements are true when answering this question:<UL class=\'contextlist\'><LI class=\'contextitem\'>OPEC lowers production limits</LI><LI class=\'contextitem\'>federal laws force US based natural gas companies to compete unaided with forgein energy</LI><LI class=\'contextitem\'>barrels produced daily was 896 in Aug 2014</LI></UL><BR><P>','What will the barrels produced daily (in barrels of oil) for Saudi Aramco be on Aug 2015?','',0),(233,'FEATURE','Saudi Aramco actively exploring new fields','Please assume the follow statements are true when answering this question:<UL class=\'contextlist\'><LI class=\'contextitem\'>OPEC lowers production limits</LI><LI class=\'contextitem\'>federal laws force US based natural gas companies to compete unaided with forgein energy</LI><LI class=\'contextitem\'>actively exploring new fields was True in Aug 2014</LI></UL><BR><P>','Will Saudi Aramco be actively exploring new fields in Aug 2015?','',0),(234,'FEATURE','Will Saudi Aramco will find new oil well','Please assume the follow statements are true when answering this question:<UL class=\'contextlist\'><LI class=\'contextitem\'>OPEC lowers production limits</LI><LI class=\'contextitem\'>federal laws force US based natural gas companies to compete unaided with forgein energy</LI><LI class=\'contextitem\'>will find new oil well was 0.233 in Aug 2014</LI></UL><BR><P>','What is the probability that Saudi Aramco will find new oil well on Aug 2015?','',0),(235,'FEATURE','The barrels produced daily for National Iranian Oil','Please assume the follow statements are true when answering this question:<UL class=\'contextlist\'><LI class=\'contextitem\'>OPEC lowers production limits</LI><LI class=\'contextitem\'>federal laws force US based natural gas companies to compete unaided with forgein energy</LI><LI class=\'contextitem\'>barrels produced daily was 202 in Aug 2014</LI></UL><BR><P>','What will the barrels produced daily (in barrels of oil) for National Iranian Oil be on Aug 2015?','',0),(236,'FEATURE','National Iranian Oil actively exploring new fields','Please assume the follow statements are true when answering this question:<UL class=\'contextlist\'><LI class=\'contextitem\'>OPEC lowers production limits</LI><LI class=\'contextitem\'>federal laws force US based natural gas companies to compete unaided with forgein energy</LI><LI class=\'contextitem\'>actively exploring new fields was False in Aug 2014</LI></UL><BR><P>','Will National Iranian Oil be actively exploring new fields in Aug 2015?','',0),(237,'FEATURE','Will National Iranian Oil will find new oil well','Please assume the follow statements are true when answering this question:<UL class=\'contextlist\'><LI class=\'contextitem\'>OPEC lowers production limits</LI><LI class=\'contextitem\'>federal laws force US based natural gas companies to compete unaided with forgein energy</LI><LI class=\'contextitem\'>will find new oil well was 0.339 in Aug 2014</LI></UL><BR><P>','What is the probability that National Iranian Oil will find new oil well on Aug 2015?','',0),(238,'FEATURE','The barrels produced daily for ExxonMobil','Please assume the follow statements are true when answering this question:<UL class=\'contextlist\'><LI class=\'contextitem\'>OPEC lowers production limits</LI><LI class=\'contextitem\'>federal laws force US based natural gas companies to compete unaided with forgein energy</LI><LI class=\'contextitem\'>barrels produced daily was 119 in Aug 2014</LI></UL><BR><P>','What will the barrels produced daily (in barrels of oil) for ExxonMobil be on Aug 2015?','',0),(239,'FEATURE','ExxonMobil actively exploring new fields','Please assume the follow statements are true when answering this question:<UL class=\'contextlist\'><LI class=\'contextitem\'>OPEC lowers production limits</LI><LI class=\'contextitem\'>federal laws force US based natural gas companies to compete unaided with forgein energy</LI><LI class=\'contextitem\'>actively exploring new fields was True in Aug 2014</LI></UL><BR><P>','Will ExxonMobil be actively exploring new fields in Aug 2015?','',0),(240,'FEATURE','Will ExxonMobil will find new oil well','Please assume the follow statements are true when answering this question:<UL class=\'contextlist\'><LI class=\'contextitem\'>OPEC lowers production limits</LI><LI class=\'contextitem\'>federal laws force US based natural gas companies to compete unaided with forgein energy</LI><LI class=\'contextitem\'>will find new oil well was 0.109 in Aug 2014</LI></UL><BR><P>','What is the probability that ExxonMobil will find new oil well on Aug 2015?','',0),(241,'FEATURE','The amount of natural gas produced daily for Gazprom','Please assume the follow statements are true when answering this question:<UL class=\'contextlist\'><LI class=\'contextitem\'>OPEC lowers production limits</LI><LI class=\'contextitem\'>federal laws force US based natural gas companies to compete unaided with forgein energy</LI><LI class=\'contextitem\'>amount of natural gas produced daily was 128 in Aug 2014</LI></UL><BR><P>','What will the amount of natural gas produced daily (in millions of BTUs per day) for Gazprom be on Aug 2015?','',0),(242,'FEATURE','Gazprom incorporating methane in gas mixture','Please assume the follow statements are true when answering this question:<UL class=\'contextlist\'><LI class=\'contextitem\'>OPEC lowers production limits</LI><LI class=\'contextitem\'>federal laws force US based natural gas companies to compete unaided with forgein energy</LI><LI class=\'contextitem\'>incorporating methane in gas mixture was False in Aug 2014</LI></UL><BR><P>','Will Gazprom be incorporating methane in gas mixture in Aug 2015?','',0),(243,'FEATURE','Will Gazprom will be using fracking','Please assume the follow statements are true when answering this question:<UL class=\'contextlist\'><LI class=\'contextitem\'>OPEC lowers production limits</LI><LI class=\'contextitem\'>federal laws force US based natural gas companies to compete unaided with forgein energy</LI><LI class=\'contextitem\'>will be using fracking was 0.670 in Aug 2014</LI></UL><BR><P>','What is the probability that Gazprom will be using fracking on Aug 2015?','',0),(244,'FEATURE','The amount of natural gas produced daily for Sonatrach','Please assume the follow statements are true when answering this question:<UL class=\'contextlist\'><LI class=\'contextitem\'>OPEC lowers production limits</LI><LI class=\'contextitem\'>federal laws force US based natural gas companies to compete unaided with forgein energy</LI><LI class=\'contextitem\'>amount of natural gas produced daily was 86 in Aug 2014</LI></UL><BR><P>','What will the amount of natural gas produced daily (in millions of BTUs per day) for Sonatrach be on Aug 2015?','',0),(245,'FEATURE','Sonatrach incorporating methane in gas mixture','Please assume the follow statements are true when answering this question:<UL class=\'contextlist\'><LI class=\'contextitem\'>OPEC lowers production limits</LI><LI class=\'contextitem\'>federal laws force US based natural gas companies to compete unaided with forgein energy</LI><LI class=\'contextitem\'>incorporating methane in gas mixture was True in Aug 2014</LI></UL><BR><P>','Will Sonatrach be incorporating methane in gas mixture in Aug 2015?','',0),(246,'FEATURE','Will Sonatrach will be using fracking','Please assume the follow statements are true when answering this question:<UL class=\'contextlist\'><LI class=\'contextitem\'>OPEC lowers production limits</LI><LI class=\'contextitem\'>federal laws force US based natural gas companies to compete unaided with forgein energy</LI><LI class=\'contextitem\'>will be using fracking was 0.714 in Aug 2014</LI></UL><BR><P>','What is the probability that Sonatrach will be using fracking on Aug 2015?','',0),(247,'FEATURE','The customer base for AltaRock Energy','Please assume the follow statements are true when answering this question:<UL class=\'contextlist\'><LI class=\'contextitem\'>OPEC lowers production limits</LI><LI class=\'contextitem\'>federal laws force US based natural gas companies to compete unaided with forgein energy</LI><LI class=\'contextitem\'>customer base was 404 in Aug 2014</LI></UL><BR><P>','What will the customer base (in number of homes) for AltaRock Energy be on Aug 2015?','',0),(248,'FEATURE','AltaRock Energy researching new technologies','Please assume the follow statements are true when answering this question:<UL class=\'contextlist\'><LI class=\'contextitem\'>OPEC lowers production limits</LI><LI class=\'contextitem\'>federal laws force US based natural gas companies to compete unaided with forgein energy</LI><LI class=\'contextitem\'>researching new technologies was True in Aug 2014</LI></UL><BR><P>','Will AltaRock Energy be researching new technologies in Aug 2015?','',0),(249,'FEATURE','Will AltaRock Energy market adoption for domestic use','Please assume the follow statements are true when answering this question:<UL class=\'contextlist\'><LI class=\'contextitem\'>OPEC lowers production limits</LI><LI class=\'contextitem\'>federal laws force US based natural gas companies to compete unaided with forgein energy</LI><LI class=\'contextitem\'>market adoption for domestic use was 0.684 in Aug 2014</LI></UL><BR><P>','What is the probability that AltaRock Energy market adoption for domestic use on Aug 2015?','',0),(250,'FEATURE','The customer base for BioFuelBox','Please assume the follow statements are true when answering this question:<UL class=\'contextlist\'><LI class=\'contextitem\'>OPEC lowers production limits</LI><LI class=\'contextitem\'>federal laws force US based natural gas companies to compete unaided with forgein energy</LI><LI class=\'contextitem\'>customer base was 628 in Aug 2014</LI></UL><BR><P>','What will the customer base (in number of homes) for BioFuelBox be on Aug 2015?','',0),(251,'FEATURE','BioFuelBox researching new technologies','Please assume the follow statements are true when answering this question:<UL class=\'contextlist\'><LI class=\'contextitem\'>OPEC lowers production limits</LI><LI class=\'contextitem\'>federal laws force US based natural gas companies to compete unaided with forgein energy</LI><LI class=\'contextitem\'>researching new technologies was True in Aug 2014</LI></UL><BR><P>','Will BioFuelBox be researching new technologies in Aug 2015?','',0),(252,'FEATURE','Will BioFuelBox market adoption for domestic use','Please assume the follow statements are true when answering this question:<UL class=\'contextlist\'><LI class=\'contextitem\'>OPEC lowers production limits</LI><LI class=\'contextitem\'>federal laws force US based natural gas companies to compete unaided with forgein energy</LI><LI class=\'contextitem\'>market adoption for domestic use was 0.130 in Aug 2014</LI></UL><BR><P>','What is the probability that BioFuelBox market adoption for domestic use on Aug 2015?','',0);
/*!40000 ALTER TABLE `ciquestions` ENABLE KEYS */;
UNLOCK TABLES;

--
-- Table structure for table `citargetfeatures`
--

DROP TABLE IF EXISTS `citargetfeatures`;
/*!40101 SET @saved_cs_client     = @@character_set_client */;
/*!40101 SET character_set_client = utf8 */;
CREATE TABLE `citargetfeatures` (
  `id` int(11) NOT NULL AUTO_INCREMENT,
  `questionid` int(11) NOT NULL,
  `featureid` int(11) NOT NULL,
  `updated` datetime NOT NULL,
  PRIMARY KEY (`id`),
  KEY `questionid_idx` (`questionid`),
  KEY `tff_idx` (`featureid`),
  CONSTRAINT `qtf` FOREIGN KEY (`questionid`) REFERENCES `ciquestions` (`id`) ON DELETE CASCADE ON UPDATE NO ACTION,
  CONSTRAINT `tff` FOREIGN KEY (`featureid`) REFERENCES `features` (`id`) ON DELETE NO ACTION ON UPDATE NO ACTION
) ENGINE=InnoDB AUTO_INCREMENT=253 DEFAULT CHARSET=latin1;
/*!40101 SET character_set_client = @saved_cs_client */;

--
-- Dumping data for table `citargetfeatures`
--

LOCK TABLES `citargetfeatures` WRITE;
/*!40000 ALTER TABLE `citargetfeatures` DISABLE KEYS */;
INSERT INTO `citargetfeatures` VALUES (1,1,1,'2015-05-06 11:00:05'),(2,2,2,'2015-05-06 11:00:05'),(3,3,3,'2015-05-06 11:00:05'),(4,4,4,'2015-05-06 11:00:05'),(5,5,5,'2015-05-06 11:00:05'),(6,6,6,'2015-05-06 11:00:05'),(7,7,7,'2015-05-06 11:00:05'),(8,8,8,'2015-05-06 11:00:05'),(9,9,9,'2015-05-06 11:00:05'),(10,10,10,'2015-05-06 11:00:05'),(11,11,11,'2015-05-06 11:00:05'),(12,12,12,'2015-05-06 11:00:05'),(13,13,13,'2015-05-06 11:00:05'),(14,14,14,'2015-05-06 11:00:05'),(15,15,15,'2015-05-06 11:00:05'),(16,16,16,'2015-05-06 11:00:05'),(17,17,17,'2015-05-06 11:00:05'),(18,18,18,'2015-05-06 11:00:05'),(19,19,19,'2015-05-06 11:00:05'),(20,20,20,'2015-05-06 11:00:05'),(21,21,21,'2015-05-06 11:00:05'),(22,22,22,'2015-05-06 11:01:02'),(23,23,23,'2015-05-06 11:01:02'),(24,24,24,'2015-05-06 11:01:02'),(25,25,25,'2015-05-06 11:01:03'),(26,26,26,'2015-05-06 11:01:03'),(27,27,27,'2015-05-06 11:01:03'),(28,28,28,'2015-05-06 11:01:03'),(29,29,29,'2015-05-06 11:01:03'),(30,30,30,'2015-05-06 11:01:03'),(31,31,31,'2015-05-06 11:01:03'),(32,32,32,'2015-05-06 11:01:03'),(33,33,33,'2015-05-06 11:01:03'),(34,34,34,'2015-05-06 11:01:03'),(35,35,35,'2015-05-06 11:01:03'),(36,36,36,'2015-05-06 11:01:03'),(37,37,37,'2015-05-06 11:01:03'),(38,38,38,'2015-05-06 11:01:03'),(39,39,39,'2015-05-06 11:01:03'),(40,40,40,'2015-05-06 11:01:03'),(41,41,41,'2015-05-06 11:01:03'),(42,42,42,'2015-05-06 11:01:03'),(43,43,43,'2015-05-06 11:02:08'),(44,44,44,'2015-05-06 11:02:08'),(45,45,45,'2015-05-06 11:02:08'),(46,46,46,'2015-05-06 11:02:08'),(47,47,47,'2015-05-06 11:02:08'),(48,48,48,'2015-05-06 11:02:08'),(49,49,49,'2015-05-06 11:02:08'),(50,50,50,'2015-05-06 11:02:08'),(51,51,51,'2015-05-06 11:02:09'),(52,52,52,'2015-05-06 11:02:09'),(53,53,53,'2015-05-06 11:02:09'),(54,54,54,'2015-05-06 11:02:09'),(55,55,55,'2015-05-06 11:02:09'),(56,56,56,'2015-05-06 11:02:09'),(57,57,57,'2015-05-06 11:02:09'),(58,58,58,'2015-05-06 11:02:09'),(59,59,59,'2015-05-06 11:02:09'),(60,60,60,'2015-05-06 11:02:09'),(61,61,61,'2015-05-06 11:02:09'),(62,62,62,'2015-05-06 11:02:09'),(63,63,63,'2015-05-06 11:02:09'),(64,64,64,'2015-05-06 11:02:25'),(65,65,65,'2015-05-06 11:02:25'),(66,66,66,'2015-05-06 11:02:25'),(67,67,67,'2015-05-06 11:02:25'),(68,68,68,'2015-05-06 11:02:25'),(69,69,69,'2015-05-06 11:02:25'),(70,70,70,'2015-05-06 11:02:25'),(71,71,71,'2015-05-06 11:02:25'),(72,72,72,'2015-05-06 11:02:25'),(73,73,73,'2015-05-06 11:02:25'),(74,74,74,'2015-05-06 11:02:25'),(75,75,75,'2015-05-06 11:02:25'),(76,76,76,'2015-05-06 11:02:25'),(77,77,77,'2015-05-06 11:02:25'),(78,78,78,'2015-05-06 11:02:25'),(79,79,79,'2015-05-06 11:02:25'),(80,80,80,'2015-05-06 11:02:25'),(81,81,81,'2015-05-06 11:02:25'),(82,82,82,'2015-05-06 11:02:25'),(83,83,83,'2015-05-06 11:02:25'),(84,84,84,'2015-05-06 11:02:25'),(85,85,85,'2015-05-06 11:02:25'),(86,86,86,'2015-05-06 11:02:25'),(87,87,87,'2015-05-06 11:02:25'),(88,88,88,'2015-05-06 11:02:25'),(89,89,89,'2015-05-06 11:02:25'),(90,90,90,'2015-05-06 11:02:25'),(91,91,91,'2015-05-06 11:02:25'),(92,92,92,'2015-05-06 11:02:25'),(93,93,93,'2015-05-06 11:02:25'),(94,94,94,'2015-05-06 11:02:25'),(95,95,95,'2015-05-06 11:02:25'),(96,96,96,'2015-05-06 11:02:25'),(97,97,97,'2015-05-06 11:02:25'),(98,98,98,'2015-05-06 11:02:25'),(99,99,99,'2015-05-06 11:02:25'),(100,100,100,'2015-05-06 11:02:25'),(101,101,101,'2015-05-06 11:02:25'),(102,102,102,'2015-05-06 11:02:25'),(103,103,103,'2015-05-06 11:02:25'),(104,104,104,'2015-05-06 11:02:25'),(105,105,105,'2015-05-06 11:02:25'),(106,106,106,'2015-05-06 11:02:49'),(107,107,107,'2015-05-06 11:02:49'),(108,108,108,'2015-05-06 11:02:49'),(109,109,109,'2015-05-06 11:02:49'),(110,110,110,'2015-05-06 11:02:49'),(111,111,111,'2015-05-06 11:02:49'),(112,112,112,'2015-05-06 11:02:49'),(113,113,113,'2015-05-06 11:02:49'),(114,114,114,'2015-05-06 11:02:49'),(115,115,115,'2015-05-06 11:02:49'),(116,116,116,'2015-05-06 11:02:49'),(117,117,117,'2015-05-06 11:02:50'),(118,118,118,'2015-05-06 11:02:50'),(119,119,119,'2015-05-06 11:02:50'),(120,120,120,'2015-05-06 11:02:50'),(121,121,121,'2015-05-06 11:02:50'),(122,122,122,'2015-05-06 11:02:50'),(123,123,123,'2015-05-06 11:02:50'),(124,124,124,'2015-05-06 11:02:50'),(125,125,125,'2015-05-06 11:02:50'),(126,126,126,'2015-05-06 11:02:50'),(127,127,127,'2015-05-06 11:02:50'),(128,128,128,'2015-05-06 11:02:50'),(129,129,129,'2015-05-06 11:02:50'),(130,130,130,'2015-05-06 11:02:50'),(131,131,131,'2015-05-06 11:02:50'),(132,132,132,'2015-05-06 11:02:50'),(133,133,133,'2015-05-06 11:02:50'),(134,134,134,'2015-05-06 11:02:50'),(135,135,135,'2015-05-06 11:02:50'),(136,136,136,'2015-05-06 11:02:50'),(137,137,137,'2015-05-06 11:02:50'),(138,138,138,'2015-05-06 11:02:50'),(139,139,139,'2015-05-06 11:02:50'),(140,140,140,'2015-05-06 11:02:50'),(141,141,141,'2015-05-06 11:02:50'),(142,142,142,'2015-05-06 11:02:50'),(143,143,143,'2015-05-06 11:02:50'),(144,144,144,'2015-05-06 11:02:50'),(145,145,145,'2015-05-06 11:02:50'),(146,146,146,'2015-05-06 11:02:50'),(147,147,147,'2015-05-06 11:02:50'),(148,148,148,'2015-05-06 11:02:50'),(149,149,149,'2015-05-06 11:02:50'),(150,150,150,'2015-05-06 11:02:50'),(151,151,151,'2015-05-06 11:02:50'),(152,152,152,'2015-05-06 11:02:50'),(153,153,153,'2015-05-06 11:02:50'),(154,154,154,'2015-05-06 11:02:50'),(155,155,155,'2015-05-06 11:02:50'),(156,156,156,'2015-05-06 11:02:50'),(157,157,157,'2015-05-06 11:02:50'),(158,158,158,'2015-05-06 11:02:50'),(159,159,159,'2015-05-06 11:02:50'),(160,160,160,'2015-05-06 11:02:50'),(161,161,161,'2015-05-06 11:02:50'),(162,162,162,'2015-05-06 11:02:50'),(163,163,163,'2015-05-06 11:02:50'),(164,164,164,'2015-05-06 11:02:50'),(165,165,165,'2015-05-06 11:02:50'),(166,166,166,'2015-05-06 11:02:50'),(167,167,167,'2015-05-06 11:02:50'),(168,168,168,'2015-05-06 11:02:50'),(169,169,169,'2015-05-06 11:02:51'),(170,170,170,'2015-05-06 11:02:51'),(171,171,171,'2015-05-06 11:02:51'),(172,172,172,'2015-05-06 11:02:51'),(173,173,173,'2015-05-06 11:02:51'),(174,174,174,'2015-05-06 11:02:51'),(175,175,175,'2015-05-06 11:02:51'),(176,176,176,'2015-05-06 11:02:51'),(177,177,177,'2015-05-06 11:02:51'),(178,178,178,'2015-05-06 11:02:51'),(179,179,179,'2015-05-06 11:02:51'),(180,180,180,'2015-05-06 11:02:51'),(181,181,181,'2015-05-06 11:02:51'),(182,182,182,'2015-05-06 11:02:51'),(183,183,183,'2015-05-06 11:02:51'),(184,184,184,'2015-05-06 11:02:51'),(185,185,185,'2015-05-06 11:02:51'),(186,186,186,'2015-05-06 11:02:51'),(187,187,187,'2015-05-06 11:02:51'),(188,188,188,'2015-05-06 11:02:51'),(189,189,189,'2015-05-06 11:02:51'),(190,190,190,'2015-05-06 11:02:51'),(191,191,191,'2015-05-06 11:02:51'),(192,192,192,'2015-05-06 11:02:51'),(193,193,193,'2015-05-06 11:02:51'),(194,194,194,'2015-05-06 11:02:51'),(195,195,195,'2015-05-06 11:02:51'),(196,196,196,'2015-05-06 11:02:51'),(197,197,197,'2015-05-06 11:02:51'),(198,198,198,'2015-05-06 11:02:51'),(199,199,199,'2015-05-06 11:02:51'),(200,200,200,'2015-05-06 11:02:51'),(201,201,201,'2015-05-06 11:02:51'),(202,202,202,'2015-05-06 11:02:51'),(203,203,203,'2015-05-06 11:02:51'),(204,204,204,'2015-05-06 11:02:51'),(205,205,205,'2015-05-06 11:02:51'),(206,206,206,'2015-05-06 11:02:51'),(207,207,207,'2015-05-06 11:02:51'),(208,208,208,'2015-05-06 11:02:51'),(209,209,209,'2015-05-06 11:02:51'),(210,210,210,'2015-05-06 11:02:51'),(211,211,211,'2015-05-06 11:02:51'),(212,212,212,'2015-05-06 11:02:51'),(213,213,213,'2015-05-06 11:02:51'),(214,214,214,'2015-05-06 11:02:51'),(215,215,215,'2015-05-06 11:02:51'),(216,216,216,'2015-05-06 11:02:51'),(217,217,217,'2015-05-06 11:02:51'),(218,218,218,'2015-05-06 11:02:51'),(219,219,219,'2015-05-06 11:02:51'),(220,220,220,'2015-05-06 11:02:51'),(221,221,221,'2015-05-06 11:02:51'),(222,222,222,'2015-05-06 11:02:51'),(223,223,223,'2015-05-06 11:02:51'),(224,224,224,'2015-05-06 11:02:51'),(225,225,225,'2015-05-06 11:02:51'),(226,226,226,'2015-05-06 11:02:51'),(227,227,227,'2015-05-06 11:02:51'),(228,228,228,'2015-05-06 11:02:51'),(229,229,229,'2015-05-06 11:02:51'),(230,230,230,'2015-05-06 11:02:51'),(231,231,231,'2015-05-06 11:02:51'),(232,232,232,'2015-05-06 11:02:51'),(233,233,233,'2015-05-06 11:02:51'),(234,234,234,'2015-05-06 11:02:51'),(235,235,235,'2015-05-06 11:02:51'),(236,236,236,'2015-05-06 11:02:51'),(237,237,237,'2015-05-06 11:02:51'),(238,238,238,'2015-05-06 11:02:51'),(239,239,239,'2015-05-06 11:02:51'),(240,240,240,'2015-05-06 11:02:51'),(241,241,241,'2015-05-06 11:02:51'),(242,242,242,'2015-05-06 11:02:51'),(243,243,243,'2015-05-06 11:02:51'),(244,244,244,'2015-05-06 11:02:51'),(245,245,245,'2015-05-06 11:02:51'),(246,246,246,'2015-05-06 11:02:51'),(247,247,247,'2015-05-06 11:02:51'),(248,248,248,'2015-05-06 11:02:52'),(249,249,249,'2015-05-06 11:02:52'),(250,250,250,'2015-05-06 11:02:52'),(251,251,251,'2015-05-06 11:02:52'),(252,252,252,'2015-05-06 11:02:52');
/*!40000 ALTER TABLE `citargetfeatures` ENABLE KEYS */;
UNLOCK TABLES;

--
-- Table structure for table `conditionoptions`
--

DROP TABLE IF EXISTS `conditionoptions`;
/*!40101 SET @saved_cs_client     = @@character_set_client */;
/*!40101 SET character_set_client = utf8 */;
CREATE TABLE `conditionoptions` (
  `id` int(11) NOT NULL AUTO_INCREMENT,
  `conditionid` int(11) NOT NULL,
  `edgeid` int(11) NOT NULL,
  `label` varchar(255) NOT NULL,
  `p` double NOT NULL,
  PRIMARY KEY (`id`),
  KEY `conditionid_idx` (`conditionid`),
  KEY `edgeid_idx` (`edgeid`),
  CONSTRAINT `conditionid` FOREIGN KEY (`conditionid`) REFERENCES `conditions` (`id`) ON DELETE NO ACTION ON UPDATE NO ACTION,
  CONSTRAINT `edgeid` FOREIGN KEY (`edgeid`) REFERENCES `edges` (`id`) ON DELETE NO ACTION ON UPDATE NO ACTION
) ENGINE=InnoDB AUTO_INCREMENT=7 DEFAULT CHARSET=latin1;
/*!40101 SET character_set_client = @saved_cs_client */;

--
-- Dumping data for table `conditionoptions`
--

LOCK TABLES `conditionoptions` WRITE;
/*!40000 ALTER TABLE `conditionoptions` DISABLE KEYS */;
INSERT INTO `conditionoptions` VALUES (1,1,3,'OPEC maintains production limits',-1),(2,1,4,'OPEC lowers production limits',-1),(3,2,6,'federal laws subsidize US based natural gas companies',-1),(4,2,7,'federal laws force US based natural gas companies to compete unaided with forgein energy',-1),(5,3,9,'No oil spill taints public option',-1),(6,3,10,'A large poorly handled oil spill taints public opinion',-1);
/*!40000 ALTER TABLE `conditionoptions` ENABLE KEYS */;
UNLOCK TABLES;

--
-- Table structure for table `conditions`
--

DROP TABLE IF EXISTS `conditions`;
/*!40101 SET @saved_cs_client     = @@character_set_client */;
/*!40101 SET character_set_client = utf8 */;
CREATE TABLE `conditions` (
  `id` int(11) NOT NULL AUTO_INCREMENT,
  `type` varchar(45) NOT NULL,
  `label` varchar(255) NOT NULL,
  `description` varchar(512) NOT NULL,
  PRIMARY KEY (`id`)
) ENGINE=InnoDB AUTO_INCREMENT=4 DEFAULT CHARSET=latin1;
/*!40101 SET character_set_client = @saved_cs_client */;

--
-- Dumping data for table `conditions`
--

LOCK TABLES `conditions` WRITE;
/*!40000 ALTER TABLE `conditions` DISABLE KEYS */;
INSERT INTO `conditions` VALUES (1,'EVENT','OPEC changes the production limits','this is a general description of OPEC changes the production limits'),(2,'EVENT','federal laws subsidize US based natural gas companies','this is a general description of federal laws subsidize US based natural gas companies'),(3,'EVENT','An oil spill that taints public option','this is a general description of An oil spill that taints public option');
/*!40000 ALTER TABLE `conditions` ENABLE KEYS */;
UNLOCK TABLES;

--
-- Table structure for table `edges`
--

DROP TABLE IF EXISTS `edges`;
/*!40101 SET @saved_cs_client     = @@character_set_client */;
/*!40101 SET character_set_client = utf8 */;
CREATE TABLE `edges` (
  `id` int(11) NOT NULL AUTO_INCREMENT,
  `label` varchar(255) NOT NULL,
  `description` varchar(512) DEFAULT NULL,
  `p` double NOT NULL DEFAULT '-1',
  `prev` int(11) NOT NULL,
  `next` int(11) NOT NULL,
  PRIMARY KEY (`id`),
  KEY `next_idx` (`next`),
  KEY `prev_idx` (`prev`),
  CONSTRAINT `nextfm` FOREIGN KEY (`next`) REFERENCES `states` (`id`) ON DELETE NO ACTION ON UPDATE NO ACTION,
  CONSTRAINT `prevfk` FOREIGN KEY (`prev`) REFERENCES `states` (`id`) ON DELETE NO ACTION ON UPDATE NO ACTION
) ENGINE=InnoDB AUTO_INCREMENT=12 DEFAULT CHARSET=latin1;
/*!40101 SET character_set_client = @saved_cs_client */;

--
-- Dumping data for table `edges`
--

LOCK TABLES `edges` WRITE;
/*!40000 ALTER TABLE `edges` DISABLE KEYS */;
INSERT INTO `edges` VALUES (1,'timepasses','Like the sands through an hour glass, so passes the days of our lives.',-1,1,2),(2,'timepasses','Like the sands through an hour glass, so passes the days of our lives.',-1,2,3),(3,'timepassesA','hmm A',-1,3,4),(4,'timepassesB','hmm B',-1,3,5),(5,'timepasses','Like the sands through an hour glass, so passes the days of our lives.',-1,4,6),(6,'timepassesA','hmm A',-1,5,7),(7,'timepassesB','hmm B',-1,5,8),(8,'timepasses','Like the sands through an hour glass, so passes the days of our lives.',-1,6,9),(9,'timepassesA','hmm A',-1,7,10),(10,'timepassesB','hmm B',-1,7,11),(11,'timepasses','Like the sands through an hour glass, so passes the days of our lives.',-1,8,12);
/*!40000 ALTER TABLE `edges` ENABLE KEYS */;
UNLOCK TABLES;

--
-- Table structure for table `entities`
--

DROP TABLE IF EXISTS `entities`;
/*!40101 SET @saved_cs_client     = @@character_set_client */;
/*!40101 SET character_set_client = utf8 */;
CREATE TABLE `entities` (
  `id` int(11) NOT NULL AUTO_INCREMENT,
  `typeid` int(11) NOT NULL,
  `label` varchar(255) NOT NULL,
  `description` varchar(512) DEFAULT NULL,
  PRIMARY KEY (`id`),
  KEY `type_idx` (`typeid`),
  CONSTRAINT `type` FOREIGN KEY (`typeid`) REFERENCES `entitytypes` (`id`) ON DELETE NO ACTION ON UPDATE NO ACTION
) ENGINE=InnoDB AUTO_INCREMENT=8 DEFAULT CHARSET=latin1;
/*!40101 SET character_set_client = @saved_cs_client */;

--
-- Dumping data for table `entities`
--

LOCK TABLES `entities` WRITE;
/*!40000 ALTER TABLE `entities` DISABLE KEYS */;
INSERT INTO `entities` VALUES (1,2,'Saudi Aramco','the Saudi Aramco oil company of Saudi Arabia'),(2,2,'National Iranian Oil','Iraian nationalized oil company'),(3,2,'ExxonMobil','the ExxonMobil oil company of the US'),(4,3,'Gazprom','the Gazprom natural gas company'),(5,3,'Sonatrach','the Gazprom oil company of Algeria'),(6,4,'AltaRock Energy','the AltaRock Engery geothermal energy company'),(7,4,'BioFuelBox','The BioFuelBox sewage to diesal company');
/*!40000 ALTER TABLE `entities` ENABLE KEYS */;
UNLOCK TABLES;

--
-- Table structure for table `entitytypes`
--

DROP TABLE IF EXISTS `entitytypes`;
/*!40101 SET @saved_cs_client     = @@character_set_client */;
/*!40101 SET character_set_client = utf8 */;
CREATE TABLE `entitytypes` (
  `id` int(11) NOT NULL AUTO_INCREMENT,
  `label` varchar(45) NOT NULL DEFAULT 'unknown entity type',
  PRIMARY KEY (`id`)
) ENGINE=InnoDB AUTO_INCREMENT=5 DEFAULT CHARSET=latin1;
/*!40101 SET character_set_client = @saved_cs_client */;

--
-- Dumping data for table `entitytypes`
--

LOCK TABLES `entitytypes` WRITE;
/*!40000 ALTER TABLE `entitytypes` DISABLE KEYS */;
INSERT INTO `entitytypes` VALUES (1,'Global'),(2,'Oil Company'),(3,'Natural Gas Company'),(4,'Alternative Energy Company');
/*!40000 ALTER TABLE `entitytypes` ENABLE KEYS */;
UNLOCK TABLES;

--
-- Table structure for table `featurecomments`
--

DROP TABLE IF EXISTS `featurecomments`;
/*!40101 SET @saved_cs_client     = @@character_set_client */;
/*!40101 SET character_set_client = utf8 */;
CREATE TABLE `featurecomments` (
  `id` int(11) NOT NULL,
  `featureid` int(11) NOT NULL,
  `description` varchar(512) NOT NULL,
  PRIMARY KEY (`id`),
  KEY `featureid_idx` (`featureid`),
  CONSTRAINT `featureid` FOREIGN KEY (`featureid`) REFERENCES `features` (`id`) ON DELETE NO ACTION ON UPDATE NO ACTION
) ENGINE=InnoDB DEFAULT CHARSET=latin1;
/*!40101 SET character_set_client = @saved_cs_client */;

--
-- Dumping data for table `featurecomments`
--

LOCK TABLES `featurecomments` WRITE;
/*!40000 ALTER TABLE `featurecomments` DISABLE KEYS */;
/*!40000 ALTER TABLE `featurecomments` ENABLE KEYS */;
UNLOCK TABLES;

--
-- Table structure for table `featuremaps`
--

DROP TABLE IF EXISTS `featuremaps`;
/*!40101 SET @saved_cs_client     = @@character_set_client */;
/*!40101 SET character_set_client = utf8 */;
CREATE TABLE `featuremaps` (
  `id` int(11) NOT NULL AUTO_INCREMENT,
  `label` varchar(255) NOT NULL,
  `featuretypeid` int(11) NOT NULL,
  `units` varchar(45) DEFAULT NULL,
  PRIMARY KEY (`id`),
  KEY `featuretype_idx` (`featuretypeid`),
  CONSTRAINT `featuretype` FOREIGN KEY (`featuretypeid`) REFERENCES `featuretypes` (`id`) ON DELETE NO ACTION ON UPDATE NO ACTION
) ENGINE=InnoDB AUTO_INCREMENT=17 DEFAULT CHARSET=latin1;
/*!40101 SET character_set_client = @saved_cs_client */;

--
-- Dumping data for table `featuremaps`
--

LOCK TABLES `featuremaps` WRITE;
/*!40000 ALTER TABLE `featuremaps` DISABLE KEYS */;
INSERT INTO `featuremaps` VALUES (4,'roads are being worked for cows',4,'true or false'),(5,'cows driving cars',5,'number of cows'),(6,'a cow gets into accident',6,'0-1'),(7,'price of oil',5,'US $ per barrel'),(8,'barrels produced daily',5,'barrels of oil'),(9,'actively exploring new fields',4,''),(10,'will find new oil well',6,''),(11,'amount of natural gas produced daily',5,'millions of BTUs per day'),(12,'incorporating methane in gas mixture',4,''),(13,'will be using fracking',6,''),(14,'customer base',5,'number of homes'),(15,'researching new technologies',4,''),(16,'market adoption for domestic use',6,'');
/*!40000 ALTER TABLE `featuremaps` ENABLE KEYS */;
UNLOCK TABLES;

--
-- Table structure for table `features`
--

DROP TABLE IF EXISTS `features`;
/*!40101 SET @saved_cs_client     = @@character_set_client */;
/*!40101 SET character_set_client = utf8 */;
CREATE TABLE `features` (
  `id` int(11) NOT NULL AUTO_INCREMENT,
  `entityid` int(11) NOT NULL,
  `featuremapid` int(11) NOT NULL,
  `stateid` int(11) NOT NULL,
  `value` text NOT NULL,
  `confidence` double NOT NULL,
  PRIMARY KEY (`id`),
  KEY `entity_idx` (`entityid`),
  KEY `feature_idx` (`featuremapid`),
  KEY `state_idx` (`stateid`),
  CONSTRAINT `entity` FOREIGN KEY (`entityid`) REFERENCES `entities` (`id`) ON DELETE NO ACTION ON UPDATE NO ACTION,
  CONSTRAINT `feature` FOREIGN KEY (`featuremapid`) REFERENCES `featuremaps` (`id`) ON DELETE NO ACTION ON UPDATE NO ACTION,
  CONSTRAINT `state` FOREIGN KEY (`stateid`) REFERENCES `states` (`id`) ON DELETE NO ACTION ON UPDATE NO ACTION
) ENGINE=InnoDB AUTO_INCREMENT=253 DEFAULT CHARSET=latin1;
/*!40101 SET character_set_client = @saved_cs_client */;

--
-- Dumping data for table `features`
--

LOCK TABLES `features` WRITE;
/*!40000 ALTER TABLE `features` DISABLE KEYS */;
INSERT INTO `features` VALUES (1,1,8,1,'682',0.1),(2,1,9,1,'0',0.1),(3,1,10,1,'0.5896125541263917',0.1),(4,2,8,1,'399',0.1),(5,2,9,1,'0',0.1),(6,2,10,1,'0.3546080454258439',0.1),(7,3,8,1,'254',0.1),(8,3,9,1,'0',0.1),(9,3,10,1,'0.5953583400552309',0.1),(10,4,11,1,'577',0.1),(11,4,12,1,'0',0.1),(12,4,13,1,'0.533040812481122',0.1),(13,5,11,1,'321',0.1),(14,5,12,1,'0',0.1),(15,5,13,1,'0.8519376259351467',0.1),(16,6,14,1,'405',0.1),(17,6,15,1,'1',0.1),(18,6,16,1,'0.29030743225085376',0.1),(19,7,14,1,'980',0.1),(20,7,15,1,'1',0.1),(21,7,16,1,'0.18182025690160442',0.1),(22,1,8,2,'557',0.1),(23,1,9,2,'0',0.1),(24,1,10,2,'0.33090352526579625',0.1),(25,2,8,2,'344',0.1),(26,2,9,2,'0',0.1),(27,2,10,2,'0.578768022854093',0.1),(28,3,8,2,'437',0.1),(29,3,9,2,'1',0.1),(30,3,10,2,'0.05101838043985585',0.1),(31,4,11,2,'923',0.1),(32,4,12,2,'0',0.1),(33,4,13,2,'0.08179941856847561',0.1),(34,5,11,2,'611',0.1),(35,5,12,2,'1',0.1),(36,5,13,2,'0.8765604928678892',0.1),(37,6,14,2,'169',0.1),(38,6,15,2,'1',0.1),(39,6,16,2,'0.30723052234562864',0.1),(40,7,14,2,'686',0.1),(41,7,15,2,'0',0.1),(42,7,16,2,'0.6069061697007984',0.1),(43,1,8,3,'147',0.1),(44,1,9,3,'0',0.1),(45,1,10,3,'0.48249234652827167',0.1),(46,2,8,3,'508',0.1),(47,2,9,3,'0',0.1),(48,2,10,3,'0.10168744805394081',0.1),(49,3,8,3,'684',0.1),(50,3,9,3,'1',0.1),(51,3,10,3,'0.779047116261301',0.1),(52,4,11,3,'845',0.1),(53,4,12,3,'1',0.1),(54,4,13,3,'0.33765895222704423',0.1),(55,5,11,3,'651',0.1),(56,5,12,3,'1',0.1),(57,5,13,3,'0.17932214223996823',0.1),(58,6,14,3,'660',0.1),(59,6,15,3,'0',0.1),(60,6,16,3,'0.3723610219424863',0.1),(61,7,14,3,'944',0.1),(62,7,15,3,'1',0.1),(63,7,16,3,'0.4855834475026498',0.1),(64,1,8,4,'765',0.1),(65,1,9,4,'0',0.1),(66,1,10,4,'0.435379439901609',0.1),(67,2,8,4,'481',0.1),(68,2,9,4,'1',0.1),(69,2,10,4,'0.3878036971098251',0.1),(70,3,8,4,'708',0.1),(71,3,9,4,'1',0.1),(72,3,10,4,'0.474952214794353',0.1),(73,4,11,4,'436',0.1),(74,4,12,4,'1',0.1),(75,4,13,4,'0.8677964655470825',0.1),(76,5,11,4,'831',0.1),(77,5,12,4,'0',0.1),(78,5,13,4,'0.16702976635746714',0.1),(79,6,14,4,'657',0.1),(80,6,15,4,'0',0.1),(81,6,16,4,'0.004352906023797898',0.1),(82,7,14,4,'572',0.1),(83,7,15,4,'1',0.1),(84,7,16,4,'0.41176131863666654',0.1),(85,1,8,5,'568',0.1),(86,1,9,5,'1',0.1),(87,1,10,5,'0.5643727311083053',0.1),(88,2,8,5,'82',0.1),(89,2,9,5,'1',0.1),(90,2,10,5,'0.7104647706724622',0.1),(91,3,8,5,'789',0.1),(92,3,9,5,'0',0.1),(93,3,10,5,'0.3025298163125163',0.1),(94,4,11,5,'610',0.1),(95,4,12,5,'0',0.1),(96,4,13,5,'0.9244247426153698',0.1),(97,5,11,5,'100',0.1),(98,5,12,5,'0',0.1),(99,5,13,5,'0.34278422272098297',0.1),(100,6,14,5,'380',0.1),(101,6,15,5,'1',0.1),(102,6,16,5,'0.4459010491901596',0.1),(103,7,14,5,'466',0.1),(104,7,15,5,'0',0.1),(105,7,16,5,'0.9675729752278945',0.1),(106,1,8,6,'261',0.1),(107,1,9,6,'1',0.1),(108,1,10,6,'0.47035972809129944',0.1),(109,2,8,6,'922',0.1),(110,2,9,6,'0',0.1),(111,2,10,6,'0.14122919996388983',0.1),(112,3,8,6,'783',0.1),(113,3,9,6,'0',0.1),(114,3,10,6,'0.3660367238089124',0.1),(115,4,11,6,'233',0.1),(116,4,12,6,'0',0.1),(117,4,13,6,'0.28127370137066254',0.1),(118,5,11,6,'943',0.1),(119,5,12,6,'0',0.1),(120,5,13,6,'0.7830623600230237',0.1),(121,6,14,6,'393',0.1),(122,6,15,6,'1',0.1),(123,6,16,6,'0.805619542673305',0.1),(124,7,14,6,'627',0.1),(125,7,15,6,'0',0.1),(126,7,16,6,'0.5941891087791834',0.1),(127,1,8,7,'522',0.1),(128,1,9,7,'1',0.1),(129,1,10,7,'0.799861539516816',0.1),(130,2,8,7,'600',0.1),(131,2,9,7,'1',0.1),(132,2,10,7,'0.07684393066115502',0.1),(133,3,8,7,'388',0.1),(134,3,9,7,'1',0.1),(135,3,10,7,'0.7130079209931637',0.1),(136,4,11,7,'634',0.1),(137,4,12,7,'1',0.1),(138,4,13,7,'0.12756483238368732',0.1),(139,5,11,7,'20',0.1),(140,5,12,7,'0',0.1),(141,5,13,7,'0.42157867583701736',0.1),(142,6,14,7,'152',0.1),(143,6,15,7,'0',0.1),(144,6,16,7,'0.002933329629110304',0.1),(145,7,14,7,'953',0.1),(146,7,15,7,'0',0.1),(147,7,16,7,'0.3866095726611972',0.1),(148,1,8,8,'896',0.1),(149,1,9,8,'1',0.1),(150,1,10,8,'0.23332726560715722',0.1),(151,2,8,8,'202',0.1),(152,2,9,8,'0',0.1),(153,2,10,8,'0.33879807636626513',0.1),(154,3,8,8,'119',0.1),(155,3,9,8,'1',0.1),(156,3,10,8,'0.108868834064763',0.1),(157,4,11,8,'128',0.1),(158,4,12,8,'0',0.1),(159,4,13,8,'0.6701594986734969',0.1),(160,5,11,8,'86',0.1),(161,5,12,8,'1',0.1),(162,5,13,8,'0.7138329162980535',0.1),(163,6,14,8,'404',0.1),(164,6,15,8,'1',0.1),(165,6,16,8,'0.6835404655429127',0.1),(166,7,14,8,'628',0.1),(167,7,15,8,'1',0.1),(168,7,16,8,'0.12964961895132576',0.1),(169,1,8,9,'219',0.1),(170,1,9,9,'1',0.1),(171,1,10,9,'0.8849617888967295',0.1),(172,2,8,9,'835',0.1),(173,2,9,9,'1',0.1),(174,2,10,9,'0.8998543823209031',0.1),(175,3,8,9,'577',0.1),(176,3,9,9,'0',0.1),(177,3,10,9,'0.07166088980400309',0.1),(178,4,11,9,'469',0.1),(179,4,12,9,'1',0.1),(180,4,13,9,'0.42678968608229817',0.1),(181,5,11,9,'916',0.1),(182,5,12,9,'1',0.1),(183,5,13,9,'0.18931787710262904',0.1),(184,6,14,9,'798',0.1),(185,6,15,9,'0',0.1),(186,6,16,9,'0.7735800124567019',0.1),(187,7,14,9,'145',0.1),(188,7,15,9,'1',0.1),(189,7,16,9,'0.10226757914039675',0.1),(190,1,8,10,'679',0.1),(191,1,9,10,'1',0.1),(192,1,10,10,'0.5289417842462092',0.1),(193,2,8,10,'282',0.1),(194,2,9,10,'0',0.1),(195,2,10,10,'0.7054343089150442',0.1),(196,3,8,10,'617',0.1),(197,3,9,10,'1',0.1),(198,3,10,10,'0.9012579299705871',0.1),(199,4,11,10,'854',0.1),(200,4,12,10,'0',0.1),(201,4,13,10,'0.4358901114831535',0.1),(202,5,11,10,'523',0.1),(203,5,12,10,'1',0.1),(204,5,13,10,'0.4393375735857631',0.1),(205,6,14,10,'653',0.1),(206,6,15,10,'0',0.1),(207,6,16,10,'0.4973568419753729',0.1),(208,7,14,10,'707',0.1),(209,7,15,10,'1',0.1),(210,7,16,10,'0.1448863889711134',0.1),(211,1,8,11,'646',0.1),(212,1,9,11,'0',0.1),(213,1,10,11,'0.3572417840285208',0.1),(214,2,8,11,'589',0.1),(215,2,9,11,'1',0.1),(216,2,10,11,'0.32256744240787405',0.1),(217,3,8,11,'995',0.1),(218,3,9,11,'1',0.1),(219,3,10,11,'0.26945549819371073',0.1),(220,4,11,11,'49',0.1),(221,4,12,11,'0',0.1),(222,4,13,11,'0.4962945801975418',0.1),(223,5,11,11,'490',0.1),(224,5,12,11,'0',0.1),(225,5,13,11,'0.3355524490033823',0.1),(226,6,14,11,'387',0.1),(227,6,15,11,'1',0.1),(228,6,16,11,'0.5689736387240766',0.1),(229,7,14,11,'277',0.1),(230,7,15,11,'0',0.1),(231,7,16,11,'0.7137045287026251',0.1),(232,1,8,12,'619',0.1),(233,1,9,12,'0',0.1),(234,1,10,12,'0.20536033449203173',0.1),(235,2,8,12,'359',0.1),(236,2,9,12,'0',0.1),(237,2,10,12,'0.038433193654554',0.1),(238,3,8,12,'526',0.1),(239,3,9,12,'0',0.1),(240,3,10,12,'0.8769187229866946',0.1),(241,4,11,12,'92',0.1),(242,4,12,12,'0',0.1),(243,4,13,12,'0.10546976190503587',0.1),(244,5,11,12,'623',0.1),(245,5,12,12,'1',0.1),(246,5,13,12,'0.8258067992687613',0.1),(247,6,14,12,'993',0.1),(248,6,15,12,'1',0.1),(249,6,16,12,'0.3104362529826932',0.1),(250,7,14,12,'317',0.1),(251,7,15,12,'1',0.1),(252,7,16,12,'0.7132717804408477',0.1);
/*!40000 ALTER TABLE `features` ENABLE KEYS */;
UNLOCK TABLES;

--
-- Table structure for table `featureslots`
--

DROP TABLE IF EXISTS `featureslots`;
/*!40101 SET @saved_cs_client     = @@character_set_client */;
/*!40101 SET character_set_client = utf8 */;
CREATE TABLE `featureslots` (
  `id` int(11) NOT NULL AUTO_INCREMENT,
  `entitytypeid` int(11) NOT NULL,
  `featuremapid` int(11) NOT NULL,
  PRIMARY KEY (`id`),
  KEY `feature_idx` (`featuremapid`),
  KEY `entitytype_idx` (`entitytypeid`),
  CONSTRAINT `entitytypefk` FOREIGN KEY (`entitytypeid`) REFERENCES `entitytypes` (`id`) ON DELETE NO ACTION ON UPDATE NO ACTION,
  CONSTRAINT `featurefk` FOREIGN KEY (`featuremapid`) REFERENCES `featuremaps` (`id`) ON DELETE NO ACTION ON UPDATE NO ACTION
) ENGINE=InnoDB AUTO_INCREMENT=11 DEFAULT CHARSET=latin1;
/*!40101 SET character_set_client = @saved_cs_client */;

--
-- Dumping data for table `featureslots`
--

LOCK TABLES `featureslots` WRITE;
/*!40000 ALTER TABLE `featureslots` DISABLE KEYS */;
INSERT INTO `featureslots` VALUES (1,1,7),(2,2,8),(3,2,9),(4,2,10),(5,3,11),(6,3,12),(7,3,13),(8,4,14),(9,4,15),(10,4,16);
/*!40000 ALTER TABLE `featureslots` ENABLE KEYS */;
UNLOCK TABLES;

--
-- Table structure for table `featuretypes`
--

DROP TABLE IF EXISTS `featuretypes`;
/*!40101 SET @saved_cs_client     = @@character_set_client */;
/*!40101 SET character_set_client = utf8 */;
CREATE TABLE `featuretypes` (
  `id` int(11) NOT NULL AUTO_INCREMENT,
  `jar` varchar(255) NOT NULL,
  `class` varchar(255) NOT NULL,
  `label` varchar(255) NOT NULL,
  `description` varchar(512) NOT NULL,
  PRIMARY KEY (`id`)
) ENGINE=InnoDB AUTO_INCREMENT=7 DEFAULT CHARSET=latin1;
/*!40101 SET character_set_client = @saved_cs_client */;

--
-- Dumping data for table `featuretypes`
--

LOCK TABLES `featuretypes` WRITE;
/*!40000 ALTER TABLE `featuretypes` DISABLE KEYS */;
INSERT INTO `featuretypes` VALUES (4,'fsp.jar','las.fsp.features.BooleanValue','Boolean Value','A boolean value that can be set to TRUE or FALSE, which can be aggrevated using a logical OR operator.'),(5,'fsp.jar','las.fsp.features.CountableQuantity','Countable Quantity','A countable quantity, which can be aggregated by averaging.'),(6,'fsp.jar','las.fsp.features.ProbabilisticVariable','Probalistic Variable','A probablistic variable that can be set as a double precision number between 0 and 1.');
/*!40000 ALTER TABLE `featuretypes` ENABLE KEYS */;
UNLOCK TABLES;

--
-- Table structure for table `missions`
--

DROP TABLE IF EXISTS `missions`;
/*!40101 SET @saved_cs_client     = @@character_set_client */;
/*!40101 SET character_set_client = utf8 */;
CREATE TABLE `missions` (
  `id` int(11) NOT NULL AUTO_INCREMENT,
  `label` varchar(255) NOT NULL,
  `description` varchar(512) NOT NULL,
  `root` int(11) NOT NULL,
  `horizon` datetime NOT NULL,
  PRIMARY KEY (`id`),
  KEY `rootstateid_idx` (`root`),
  CONSTRAINT `rootstateid` FOREIGN KEY (`root`) REFERENCES `states` (`id`) ON DELETE NO ACTION ON UPDATE NO ACTION
) ENGINE=InnoDB AUTO_INCREMENT=2 DEFAULT CHARSET=latin1;
/*!40101 SET character_set_client = @saved_cs_client */;

--
-- Dumping data for table `missions`
--

LOCK TABLES `missions` WRITE;
/*!40000 ALTER TABLE `missions` DISABLE KEYS */;
INSERT INTO `missions` VALUES (1,'Energy from 2010','This is an energy scenario starting in 1980 and ending in 2016.',1,'2016-08-23 10:00:00');
/*!40000 ALTER TABLE `missions` ENABLE KEYS */;
UNLOCK TABLES;

--
-- Table structure for table `projectorparameter`
--

DROP TABLE IF EXISTS `projectorparameter`;
/*!40101 SET @saved_cs_client     = @@character_set_client */;
/*!40101 SET character_set_client = utf8 */;
CREATE TABLE `projectorparameter` (
  `id` int(11) NOT NULL AUTO_INCREMENT,
  `projectorid` int(11) NOT NULL,
  `featuremapid` int(11) NOT NULL,
  PRIMARY KEY (`id`),
  KEY `projectorid_idx` (`projectorid`),
  KEY `featuremapid_idx` (`featuremapid`),
  CONSTRAINT `featuremapid` FOREIGN KEY (`featuremapid`) REFERENCES `featuremaps` (`id`) ON DELETE NO ACTION ON UPDATE NO ACTION,
  CONSTRAINT `projectorid` FOREIGN KEY (`projectorid`) REFERENCES `projectors` (`id`) ON DELETE NO ACTION ON UPDATE NO ACTION
) ENGINE=InnoDB DEFAULT CHARSET=latin1;
/*!40101 SET character_set_client = @saved_cs_client */;

--
-- Dumping data for table `projectorparameter`
--

LOCK TABLES `projectorparameter` WRITE;
/*!40000 ALTER TABLE `projectorparameter` DISABLE KEYS */;
/*!40000 ALTER TABLE `projectorparameter` ENABLE KEYS */;
UNLOCK TABLES;

--
-- Table structure for table `projectorparameterslot`
--

DROP TABLE IF EXISTS `projectorparameterslot`;
/*!40101 SET @saved_cs_client     = @@character_set_client */;
/*!40101 SET character_set_client = utf8 */;
CREATE TABLE `projectorparameterslot` (
  `id` int(11) NOT NULL,
  `label` varchar(255) NOT NULL,
  `projectortypeid` int(11) NOT NULL,
  `featuretypeid` int(11) NOT NULL,
  `description` varchar(255) NOT NULL,
  PRIMARY KEY (`id`),
  KEY `projectortypeid_idx` (`projectortypeid`),
  KEY `featuretypeid_idx` (`featuretypeid`),
  CONSTRAINT `featuretypeid` FOREIGN KEY (`featuretypeid`) REFERENCES `featuretypes` (`id`) ON DELETE NO ACTION ON UPDATE NO ACTION,
  CONSTRAINT `projectortypeid` FOREIGN KEY (`projectortypeid`) REFERENCES `projectortypes` (`id`) ON DELETE NO ACTION ON UPDATE NO ACTION
) ENGINE=InnoDB DEFAULT CHARSET=latin1;
/*!40101 SET character_set_client = @saved_cs_client */;

--
-- Dumping data for table `projectorparameterslot`
--

LOCK TABLES `projectorparameterslot` WRITE;
/*!40000 ALTER TABLE `projectorparameterslot` DISABLE KEYS */;
/*!40000 ALTER TABLE `projectorparameterslot` ENABLE KEYS */;
UNLOCK TABLES;

--
-- Table structure for table `projectors`
--

DROP TABLE IF EXISTS `projectors`;
/*!40101 SET @saved_cs_client     = @@character_set_client */;
/*!40101 SET character_set_client = utf8 */;
CREATE TABLE `projectors` (
  `id` int(11) NOT NULL AUTO_INCREMENT,
  `label` varchar(255) NOT NULL,
  `projectortypeid` int(11) NOT NULL,
  PRIMARY KEY (`id`),
  KEY `typeid_idx` (`projectortypeid`),
  CONSTRAINT `typeid` FOREIGN KEY (`projectortypeid`) REFERENCES `projectortypes` (`id`) ON DELETE NO ACTION ON UPDATE NO ACTION
) ENGINE=InnoDB DEFAULT CHARSET=latin1;
/*!40101 SET character_set_client = @saved_cs_client */;

--
-- Dumping data for table `projectors`
--

LOCK TABLES `projectors` WRITE;
/*!40000 ALTER TABLE `projectors` DISABLE KEYS */;
/*!40000 ALTER TABLE `projectors` ENABLE KEYS */;
UNLOCK TABLES;

--
-- Table structure for table `projectortypes`
--

DROP TABLE IF EXISTS `projectortypes`;
/*!40101 SET @saved_cs_client     = @@character_set_client */;
/*!40101 SET character_set_client = utf8 */;
CREATE TABLE `projectortypes` (
  `id` int(11) NOT NULL AUTO_INCREMENT,
  `jar` varchar(255) NOT NULL,
  `class` varchar(255) NOT NULL,
  `label` varchar(255) NOT NULL,
  `description` varchar(512) NOT NULL,
  PRIMARY KEY (`id`)
) ENGINE=InnoDB DEFAULT CHARSET=latin1;
/*!40101 SET character_set_client = @saved_cs_client */;

--
-- Dumping data for table `projectortypes`
--

LOCK TABLES `projectortypes` WRITE;
/*!40000 ALTER TABLE `projectortypes` DISABLE KEYS */;
/*!40000 ALTER TABLE `projectortypes` ENABLE KEYS */;
UNLOCK TABLES;

--
-- Table structure for table `statecomments`
--

DROP TABLE IF EXISTS `statecomments`;
/*!40101 SET @saved_cs_client     = @@character_set_client */;
/*!40101 SET character_set_client = utf8 */;
CREATE TABLE `statecomments` (
  `id` int(11) NOT NULL,
  `stateid` int(11) NOT NULL,
  `description` varchar(512) DEFAULT NULL,
  PRIMARY KEY (`id`),
  KEY `stateid_idx` (`stateid`),
  CONSTRAINT `stateid` FOREIGN KEY (`stateid`) REFERENCES `states` (`id`) ON DELETE NO ACTION ON UPDATE NO ACTION
) ENGINE=InnoDB DEFAULT CHARSET=latin1;
/*!40101 SET character_set_client = @saved_cs_client */;

--
-- Dumping data for table `statecomments`
--

LOCK TABLES `statecomments` WRITE;
/*!40000 ALTER TABLE `statecomments` DISABLE KEYS */;
/*!40000 ALTER TABLE `statecomments` ENABLE KEYS */;
UNLOCK TABLES;

--
-- Table structure for table `states`
--

DROP TABLE IF EXISTS `states`;
/*!40101 SET @saved_cs_client     = @@character_set_client */;
/*!40101 SET character_set_client = utf8 */;
CREATE TABLE `states` (
  `id` int(11) NOT NULL AUTO_INCREMENT,
  `start` datetime NOT NULL,
  `end` datetime NOT NULL,
  `p` double NOT NULL,
  PRIMARY KEY (`id`),
  KEY `dates_idx` (`start`,`end`)
) ENGINE=InnoDB AUTO_INCREMENT=13 DEFAULT CHARSET=latin1;
/*!40101 SET character_set_client = @saved_cs_client */;

--
-- Dumping data for table `states`
--

LOCK TABLES `states` WRITE;
/*!40000 ALTER TABLE `states` DISABLE KEYS */;
INSERT INTO `states` VALUES (1,'2010-08-11 01:00:00','2010-08-11 01:00:00',-1),(2,'2011-08-11 12:00:00','2011-08-11 12:00:00',-1),(3,'2012-08-11 12:00:00','2012-08-11 12:00:00',-1),(4,'2013-08-11 12:00:00','2013-08-11 12:00:00',-1),(5,'2013-08-11 12:00:00','2013-08-11 12:00:00',-1),(6,'2014-08-11 12:00:00','2014-08-11 12:00:00',-1),(7,'2014-08-11 12:00:00','2014-08-11 12:00:00',-1),(8,'2014-08-11 12:00:00','2014-08-11 12:00:00',-1),(9,'2015-08-11 12:00:00','2015-08-11 12:00:00',-1),(10,'2015-08-11 12:00:00','2015-08-11 12:00:00',-1),(11,'2015-08-11 12:00:00','2015-08-11 12:00:00',-1),(12,'2015-08-11 12:00:00','2015-08-11 12:00:00',-1);
/*!40000 ALTER TABLE `states` ENABLE KEYS */;
UNLOCK TABLES;
/*!40103 SET TIME_ZONE=@OLD_TIME_ZONE */;

/*!40101 SET SQL_MODE=@OLD_SQL_MODE */;
/*!40014 SET FOREIGN_KEY_CHECKS=@OLD_FOREIGN_KEY_CHECKS */;
/*!40014 SET UNIQUE_CHECKS=@OLD_UNIQUE_CHECKS */;
/*!40101 SET CHARACTER_SET_CLIENT=@OLD_CHARACTER_SET_CLIENT */;
/*!40101 SET CHARACTER_SET_RESULTS=@OLD_CHARACTER_SET_RESULTS */;
/*!40101 SET COLLATION_CONNECTION=@OLD_COLLATION_CONNECTION */;
/*!40111 SET SQL_NOTES=@OLD_SQL_NOTES */;

-- Dump completed on 2015-05-11 15:57:45
